{"Cycle":{"0":0,"1":1,"2":2,"3":3,"4":4,"5":5,"6":6,"7":7,"8":8,"9":9,"10":10,"11":11,"12":12,"13":13,"14":14,"15":15,"16":16,"17":17,"18":18,"19":19,"20":20,"21":21,"22":22,"23":23,"24":24,"25":25,"26":26,"27":27,"28":28,"29":29,"30":30,"31":31,"32":32,"33":33,"34":34,"35":35,"36":36,"37":37,"38":38,"39":39,"40":40,"41":41,"42":42,"43":43,"44":44,"45":45,"46":46,"47":47,"48":48,"49":49,"50":50,"51":51,"52":52,"53":53,"54":54,"55":55,"56":56,"57":57,"58":58,"59":59,"60":60,"61":61,"62":62,"63":63,"64":64,"65":65,"66":66,"67":67,"68":68,"69":69,"70":70,"71":71,"72":72,"73":73,"74":74,"75":75,"76":76,"77":77,"78":78,"79":79,"80":80,"81":81,"82":82,"83":83,"84":84,"85":85,"86":86,"87":87,"88":88,"89":89,"90":90,"91":91,"92":92,"93":93,"94":94,"95":95,"96":96,"97":97,"98":98,"99":99},"Honest Agent":{"0":0.6568185891,"1":0.6711118924,"2":0.7909925595,"3":0.9383907953,"4":0.9598680464,"5":0.9768574177,"6":0.9891294218,"7":0.9955556778,"8":0.9977448542,"9":0.9977206536,"10":0.9977006952,"11":0.9976837523,"12":0.9976695604,"13":1.0,"14":1.0,"15":1.0,"16":1.0,"17":1.0,"18":1.0,"19":1.0,"20":1.0,"21":1.0,"22":1.0,"23":1.0,"24":1.0,"25":1.0,"26":1.0,"27":1.0,"28":1.0,"29":1.0,"30":1.0,"31":1.0,"32":1.0,"33":1.0,"34":1.0,"35":1.0,"36":1.0,"37":1.0,"38":1.0,"39":1.0,"40":1.0,"41":1.0,"42":1.0,"43":1.0,"44":1.0,"45":1.0,"46":1.0,"47":1.0,"48":1.0,"49":1.0,"50":1.0,"51":1.0,"52":1.0,"53":1.0,"54":1.0,"55":1.0,"56":1.0,"57":1.0,"58":1.0,"59":1.0,"60":1.0,"61":1.0,"62":1.0,"63":1.0,"64":1.0,"65":1.0,"66":1.0,"67":1.0,"68":1.0,"69":1.0,"70":1.0,"71":1.0,"72":1.0,"73":1.0,"74":1.0,"75":1.0,"76":1.0,"77":1.0,"78":1.0,"79":1.0,"80":1.0,"81":1.0,"82":1.0,"83":1.0,"84":1.0,"85":1.0,"86":1.0,"87":1.0,"88":1.0,"89":1.0,"90":1.0,"91":1.0,"92":1.0,"93":1.0,"94":1.0,"95":1.0,"96":1.0,"97":1.0,"98":1.0,"99":1.0},"Strategic Agent":{"0":0.7759459295,"1":0.7110188176,"2":0.6643213835,"3":0.6042075333,"4":0.5746012913,"5":0.5539793227,"6":0.5390874842,"7":0.5289018469,"8":0.5219090861,"9":0.5167785641,"10":0.5125473773,"11":0.5089554962,"12":0.5059468112,"13":0.502656011,"14":0.5004811184,"15":0.4985807539,"16":0.4968419231,"17":0.4953320934,"18":0.4939932787,"19":0.4928319735,"20":0.4917445081,"21":0.4907510613,"22":0.4898479727,"23":0.4890141293,"24":0.4882425468,"25":0.4875236206,"26":0.4868728591,"27":0.4862639732,"28":0.4856845736,"29":0.4851472436,"30":0.4846564976,"31":0.4841845805,"32":0.4837572102,"33":0.483357793,"34":0.4829760062,"35":0.4826227745,"36":0.4822803144,"37":0.4819618723,"38":0.481657991,"39":0.4813712588,"40":0.4810889065,"41":0.4808242487,"42":0.4805687466,"43":0.4803314452,"44":0.4801010824,"45":0.4798840832,"46":0.4796743077,"47":0.4794728899,"48":0.4792821179,"49":0.4791005573,"50":0.4789232182,"51":0.4787476958,"52":0.4785852754,"53":0.4784257186,"54":0.4782729737,"55":0.4781287628,"56":0.4779903985,"57":0.4778522936,"58":0.47772141,"59":0.4775898957,"60":0.4774628944,"61":0.4773442694,"62":0.4772264538,"63":0.4771112062,"64":0.4770011331,"65":0.4768961578,"66":0.4767924803,"67":0.4766935417,"68":0.476598945,"69":0.4765067163,"70":0.4764143273,"71":0.4763252675,"72":0.4762384868,"73":0.4761542753,"74":0.4760701115,"75":0.4759903823,"76":0.4759134231,"77":0.475837818,"78":0.4757630954,"79":0.475690272,"80":0.4756187715,"81":0.4755518095,"82":0.4754833479,"83":0.4754179754,"84":0.4753519827,"85":0.4752903338,"86":0.4752283112,"87":0.4751689118,"88":0.4751099228,"89":0.4750523484,"90":0.4749972157,"91":0.4749427089,"92":0.4748897151,"93":0.4748385278,"94":0.4747872217,"95":0.474737002,"96":0.4746895505,"97":0.4746415884,"98":0.4745962109,"99":0.4745504308}}