{"Cycle":{"0":0,"1":1,"2":2,"3":3,"4":4,"5":5,"6":6,"7":7,"8":8,"9":9,"10":10,"11":11,"12":12,"13":13,"14":14,"15":15,"16":16,"17":17,"18":18,"19":19,"20":20,"21":21,"22":22,"23":23,"24":24,"25":25,"26":26,"27":27,"28":28,"29":29,"30":30,"31":31,"32":32,"33":33,"34":34,"35":35,"36":36,"37":37,"38":38,"39":39,"40":40,"41":41,"42":42,"43":43,"44":44,"45":45,"46":46,"47":47,"48":48,"49":49,"50":50,"51":51,"52":52,"53":53,"54":54,"55":55,"56":56,"57":57,"58":58,"59":59,"60":60,"61":61,"62":62,"63":63,"64":64,"65":65,"66":66,"67":67,"68":68,"69":69,"70":70,"71":71,"72":72,"73":73,"74":74,"75":75,"76":76,"77":77,"78":78,"79":79,"80":80,"81":81,"82":82,"83":83,"84":84,"85":85,"86":86,"87":87,"88":88,"89":89,"90":90,"91":91,"92":92,"93":93,"94":94,"95":95,"96":96,"97":97,"98":98,"99":99},"Honest Agent":{"0":0.7226735161,"1":0.8183991205,"2":0.8892754683,"3":0.9371960274,"4":0.9502915507,"5":0.982776877,"6":0.9911701441,"7":0.9955035661,"8":1.0,"9":0.9954016499,"10":1.0,"11":1.0,"12":1.0,"13":1.0,"14":1.0,"15":1.0,"16":1.0,"17":1.0,"18":1.0,"19":1.0,"20":1.0,"21":1.0,"22":1.0,"23":1.0,"24":1.0,"25":1.0,"26":1.0,"27":1.0,"28":1.0,"29":1.0,"30":1.0,"31":1.0,"32":1.0,"33":1.0,"34":1.0,"35":1.0,"36":1.0,"37":1.0,"38":1.0,"39":1.0,"40":1.0,"41":1.0,"42":1.0,"43":1.0,"44":1.0,"45":1.0,"46":1.0,"47":1.0,"48":1.0,"49":1.0,"50":1.0,"51":1.0,"52":1.0,"53":1.0,"54":1.0,"55":1.0,"56":1.0,"57":1.0,"58":1.0,"59":1.0,"60":1.0,"61":1.0,"62":1.0,"63":1.0,"64":1.0,"65":1.0,"66":1.0,"67":1.0,"68":1.0,"69":1.0,"70":1.0,"71":1.0,"72":1.0,"73":1.0,"74":1.0,"75":1.0,"76":1.0,"77":1.0,"78":1.0,"79":1.0,"80":1.0,"81":1.0,"82":1.0,"83":1.0,"84":1.0,"85":1.0,"86":1.0,"87":1.0,"88":1.0,"89":1.0,"90":1.0,"91":1.0,"92":1.0,"93":1.0,"94":1.0,"95":1.0,"96":1.0,"97":1.0,"98":1.0,"99":1.0},"Strategic Agent":{"0":0.7520701233,"1":0.6526883179,"2":0.5865688855,"3":0.5436898866,"4":0.518449397,"5":0.4994529875,"6":0.4867646255,"7":0.4772895608,"8":0.4702146602,"9":0.4654418037,"10":0.460491401,"11":0.4568364995,"12":0.4538163304,"13":0.4512341136,"14":0.449019486,"15":0.4471277368,"16":0.4453613235,"17":0.443884724,"18":0.4425194109,"19":0.4412594542,"20":0.440177432,"21":0.4391839337,"22":0.4382867702,"23":0.437429975,"24":0.4366658438,"25":0.4359766943,"26":0.4353209752,"27":0.4347202983,"28":0.4341613673,"29":0.4336317437,"30":0.4331520241,"31":0.4326768815,"32":0.4322490831,"33":0.4318593012,"34":0.4314892688,"35":0.4311281282,"36":0.4307739957,"37":0.4304622366,"38":0.4301598235,"39":0.4298802517,"40":0.4296009743,"41":0.4293330065,"42":0.4290813482,"43":0.4288386886,"44":0.4286047985,"45":0.4283877876,"46":0.4281844397,"47":0.4279853875,"48":0.4277915133,"49":0.427611787,"50":0.427430727,"51":0.4272561182,"52":0.4270906429,"53":0.426937282,"54":0.4267911054,"55":0.4266462878,"56":0.426504954,"57":0.4263683482,"58":0.4262386738,"59":0.4261124418,"60":0.4259927364,"61":0.4258744231,"62":0.4257579697,"63":0.4256433984,"64":0.425533877,"65":0.4254315131,"66":0.4253331324,"67":0.4252295847,"68":0.4251351866,"69":0.4250435647,"70":0.4249554752,"71":0.4248713961,"72":0.4247873911,"73":0.424708095,"74":0.4246255462,"75":0.4245472771,"76":0.4244732014,"77":0.4243980954,"78":0.4243252128,"79":0.4242559992,"80":0.4241865477,"81":0.4241208078,"82":0.4240555022,"83":0.4239910617,"84":0.4239276539,"85":0.423866235,"86":0.4238068528,"87":0.4237514405,"88":0.4236951418,"89":0.4236404998,"90":0.4235875331,"91":0.423536917,"92":0.4234852885,"93":0.4234335423,"94":0.4233840183,"95":0.4233349769,"96":0.4232868944,"97":0.423239897,"98":0.4231935832,"99":0.4231468709}}