{"Cycle":{"0":0,"1":1,"2":2,"3":3,"4":4,"5":5,"6":6,"7":7,"8":8,"9":9,"10":10,"11":11,"12":12,"13":13,"14":14,"15":15,"16":16,"17":17,"18":18,"19":19,"20":20,"21":21,"22":22,"23":23,"24":24,"25":25,"26":26,"27":27,"28":28,"29":29,"30":30,"31":31,"32":32,"33":33,"34":34,"35":35,"36":36,"37":37,"38":38,"39":39,"40":40,"41":41,"42":42,"43":43,"44":44,"45":45,"46":46,"47":47,"48":48,"49":49,"50":50,"51":51,"52":52,"53":53,"54":54,"55":55,"56":56,"57":57,"58":58,"59":59,"60":60,"61":61,"62":62,"63":63,"64":64,"65":65,"66":66,"67":67,"68":68,"69":69,"70":70,"71":71,"72":72,"73":73,"74":74,"75":75,"76":76,"77":77,"78":78,"79":79,"80":80,"81":81,"82":82,"83":83,"84":84,"85":85,"86":86,"87":87,"88":88,"89":89,"90":90,"91":91,"92":92,"93":93,"94":94,"95":95,"96":96,"97":97,"98":98,"99":99},"Honest Agent":{"0":0.4973901565,"1":0.3822812591,"2":0.333468918,"3":0.2998638381,"4":0.2623743041,"5":0.2450116075,"6":0.22165495,"7":0.211400959,"8":0.2004283675,"9":0.1891558686,"10":0.1830466927,"11":0.1780816292,"12":0.1740501322,"13":0.1706709731,"14":0.1672569054,"15":0.1641735289,"16":0.1620145083,"17":0.1604895678,"18":0.1584894445,"19":0.1566430799,"20":0.1545941422,"21":0.152985561,"22":0.1518582941,"23":0.1502262157,"24":0.1490232919,"25":0.1481014392,"26":0.1469563816,"27":0.1462341588,"28":0.1452163891,"29":0.1440581695,"30":0.143540903,"31":0.1427391516,"32":0.1422893275,"33":0.1417395869,"34":0.1411446641,"35":0.1405264556,"36":0.1396728,"37":0.1389385849,"38":0.1384536203,"39":0.1379731,"40":0.1377647542,"41":0.1374375524,"42":0.1370151791,"43":0.136596265,"44":0.136157576,"45":0.1359627696,"46":0.1356685827,"47":0.1352008785,"48":0.1347800196,"49":0.1345989683,"50":0.1342174616,"51":0.1341865482,"52":0.1340238228,"53":0.1336117257,"54":0.1334066621,"55":0.1331880661,"56":0.1328486507,"57":0.1326725217,"58":0.1323733316,"59":0.1322034079,"60":0.1320044274,"61":0.1318850989,"62":0.1316443442,"63":0.1314721502,"64":0.1314721434,"65":0.131327764,"66":0.1310728905,"67":0.1309044193,"68":0.1307328024,"69":0.1305542587,"70":0.1303841932,"71":0.1300913738,"72":0.1300733809,"73":0.1299182976,"74":0.1298125698,"75":0.1297745882,"76":0.1297062049,"77":0.1296853715,"78":0.1294940215,"79":0.1293591392,"80":0.1292620602,"81":0.1292349985,"82":0.1291617084,"83":0.1291757516,"84":0.1291298785,"85":0.1289439971,"86":0.1288147966,"87":0.1286448752,"88":0.1284693813,"89":0.1284293728,"90":0.1284759966,"91":0.1285137941,"92":0.1283118014,"93":0.1282910285,"94":0.1281342804,"95":0.1279728945,"96":0.1278941233,"97":0.1278048525,"98":0.1277640165,"99":0.127734322},"Strategic Agent":{"0":0.7537977162,"1":0.6570869041,"2":0.6114779963,"3":0.5833825183,"4":0.5649899742,"5":0.5518466337,"6":0.5439998697,"7":0.5350053635,"8":0.5288956085,"9":0.524642628,"10":0.5210611236,"11":0.5181503551,"12":0.51578689,"13":0.513805858,"14":0.5118043608,"15":0.5099967313,"16":0.5087310055,"17":0.5078370091,"18":0.5066644368,"19":0.5055820056,"20":0.5043808159,"21":0.5034377851,"22":0.5027769249,"23":0.501820119,"24":0.5011149049,"25":0.5005744687,"26":0.4999031787,"27":0.4994797756,"28":0.4988831081,"29":0.4982041019,"30":0.4979008544,"31":0.4974308276,"32":0.4971671182,"33":0.4968448328,"34":0.4964960593,"35":0.4961336346,"36":0.495633179,"37":0.4952027454,"38":0.4949184349,"39":0.4946367299,"40":0.4945145872,"41":0.4943227651,"42":0.4940751488,"43":0.4938295603,"44":0.493572379,"45":0.4934581737,"46":0.4932857066,"47":0.493011515,"48":0.4927647865,"49":0.4926586452,"50":0.4924349868,"51":0.4924168639,"52":0.4923214661,"53":0.4920798742,"54":0.4919596557,"55":0.4918315038,"56":0.4916325215,"57":0.4915292658,"58":0.4913538657,"59":0.4912542479,"60":0.4911375956,"61":0.4910676392,"62":0.4909264968,"63":0.490825548,"64":0.490825544,"65":0.4907409016,"66":0.490591482,"67":0.4904927158,"68":0.4903921054,"69":0.4902874342,"70":0.4901877333,"71":0.4900160679,"72":0.4900055196,"73":0.489914602,"74":0.489852619,"75":0.4898303524,"76":0.4897902626,"77":0.4897780491,"78":0.4896658701,"79":0.4895867954,"80":0.4895298828,"81":0.4895140179,"82":0.4894710516,"83":0.4894792844,"84":0.4894523913,"85":0.4893434183,"86":0.4892676745,"87":0.4891680581,"88":0.4890651748,"89":0.4890417198,"90":0.489069053,"91":0.4890912118,"92":0.4889727936,"93":0.4889606155,"94":0.4888687219,"95":0.4887741094,"96":0.4887279298,"97":0.4886755948,"98":0.4886516547,"99":0.4886342463}}