{"Cycle":{"0":0,"1":1,"2":2,"3":3,"4":4,"5":5,"6":6,"7":7,"8":8,"9":9,"10":10,"11":11,"12":12,"13":13,"14":14,"15":15,"16":16,"17":17,"18":18,"19":19,"20":20,"21":21,"22":22,"23":23,"24":24,"25":25,"26":26,"27":27,"28":28,"29":29,"30":30,"31":31,"32":32,"33":33,"34":34,"35":35,"36":36,"37":37,"38":38,"39":39,"40":40,"41":41,"42":42,"43":43,"44":44,"45":45,"46":46,"47":47,"48":48,"49":49,"50":50,"51":51,"52":52,"53":53,"54":54,"55":55,"56":56,"57":57,"58":58,"59":59,"60":60,"61":61,"62":62,"63":63,"64":64,"65":65,"66":66,"67":67,"68":68,"69":69,"70":70,"71":71,"72":72,"73":73,"74":74,"75":75,"76":76,"77":77,"78":78,"79":79,"80":80,"81":81,"82":82,"83":83,"84":84,"85":85,"86":86,"87":87,"88":88,"89":89,"90":90,"91":91,"92":92,"93":93,"94":94,"95":95,"96":96,"97":97,"98":98,"99":99},"Honest Agent":{"0":0.5732605595,"1":0.5302630211,"2":0.5836575719,"3":0.6610743902,"4":0.8478684038,"5":0.9241882708,"6":0.9703924453,"7":0.9825702492,"8":0.9866924167,"9":0.9954853901,"10":0.9954428723,"11":1.0,"12":1.0,"13":1.0,"14":1.0,"15":1.0,"16":1.0,"17":1.0,"18":1.0,"19":1.0,"20":1.0,"21":1.0,"22":1.0,"23":1.0,"24":1.0,"25":1.0,"26":1.0,"27":1.0,"28":1.0,"29":1.0,"30":1.0,"31":1.0,"32":1.0,"33":1.0,"34":1.0,"35":1.0,"36":1.0,"37":1.0,"38":1.0,"39":1.0,"40":1.0,"41":1.0,"42":1.0,"43":1.0,"44":1.0,"45":1.0,"46":1.0,"47":1.0,"48":1.0,"49":1.0,"50":1.0,"51":1.0,"52":1.0,"53":1.0,"54":1.0,"55":1.0,"56":1.0,"57":1.0,"58":1.0,"59":1.0,"60":1.0,"61":1.0,"62":1.0,"63":1.0,"64":1.0,"65":1.0,"66":1.0,"67":1.0,"68":1.0,"69":1.0,"70":1.0,"71":1.0,"72":1.0,"73":1.0,"74":1.0,"75":1.0,"76":1.0,"77":1.0,"78":1.0,"79":1.0,"80":1.0,"81":1.0,"82":1.0,"83":1.0,"84":1.0,"85":1.0,"86":1.0,"87":1.0,"88":1.0,"89":1.0,"90":1.0,"91":1.0,"92":1.0,"93":1.0,"94":1.0,"95":1.0,"96":1.0,"97":1.0,"98":1.0,"99":1.0},"Strategic Agent":{"0":0.7630615814,"1":0.6981951736,"2":0.6739912624,"3":0.6486417124,"4":0.6028693272,"5":0.5677401405,"6":0.5417878434,"7":0.5279442489,"8":0.5194483808,"9":0.5109172563,"10":0.5063111606,"11":0.5008361837,"12":0.4974650146,"13":0.4946020647,"14":0.4921740785,"15":0.4899580222,"16":0.488061621,"17":0.4864477182,"18":0.4849218811,"19":0.4835568119,"20":0.4824011089,"21":0.4813161155,"22":0.4802829121,"23":0.4793872658,"24":0.4785200688,"25":0.4777237288,"26":0.4769902167,"27":0.4763215353,"28":0.4756850322,"29":0.475114238,"30":0.4745619047,"31":0.4740525519,"32":0.4735694866,"33":0.4731158526,"34":0.4726946396,"35":0.4722922626,"36":0.4719150115,"37":0.4715688133,"38":0.4712375382,"39":0.4709142833,"40":0.4706084023,"41":0.4703206427,"42":0.4700497446,"43":0.4697854188,"44":0.4695259725,"45":0.4692756646,"46":0.4690372402,"47":0.4688115138,"48":0.4685932623,"49":0.468384501,"50":0.4681833961,"51":0.4679905699,"52":0.4678103761,"53":0.4676310996,"54":0.4674612278,"55":0.4672982367,"56":0.4671428441,"57":0.4669917137,"58":0.4668425081,"59":0.4666991688,"60":0.4665565985,"61":0.4664235508,"62":0.4662936123,"63":0.4661655245,"64":0.4660434515,"65":0.4659243556,"66":0.4658126188,"67":0.4657018777,"68":0.4655991432,"69":0.465492069,"70":0.4653933405,"71":0.4652962792,"72":0.4651994937,"73":0.4651063502,"74":0.465018364,"75":0.4649279691,"76":0.4648441997,"77":0.4647594657,"78":0.4646783216,"79":0.4645991715,"80":0.4645238894,"81":0.4644476866,"82":0.4643748589,"83":0.4643026341,"84":0.4642313782,"85":0.4641638384,"86":0.46409759,"87":0.4640333142,"88":0.4639692175,"89":0.4639051268,"90":0.4638439333,"91":0.4637841348,"92":0.4637264824,"93":0.4636681918,"94":0.4636111574,"95":0.4635568514,"96":0.4635015236,"97":0.4634498193,"98":0.4633983596,"99":0.4633470068}}