{"Cycle":{"0":0,"1":1,"2":2,"3":3,"4":4,"5":5,"6":6,"7":7,"8":8,"9":9,"10":10,"11":11,"12":12,"13":13,"14":14,"15":15,"16":16,"17":17,"18":18,"19":19,"20":20,"21":21,"22":22,"23":23,"24":24,"25":25,"26":26,"27":27,"28":28,"29":29,"30":30,"31":31,"32":32,"33":33,"34":34,"35":35,"36":36,"37":37,"38":38,"39":39,"40":40,"41":41,"42":42,"43":43,"44":44,"45":45,"46":46,"47":47,"48":48,"49":49,"50":50,"51":51,"52":52,"53":53,"54":54,"55":55,"56":56,"57":57,"58":58,"59":59,"60":60,"61":61,"62":62,"63":63,"64":64,"65":65,"66":66,"67":67,"68":68,"69":69,"70":70,"71":71,"72":72,"73":73,"74":74,"75":75,"76":76,"77":77,"78":78,"79":79,"80":80,"81":81,"82":82,"83":83,"84":84,"85":85,"86":86,"87":87,"88":88,"89":89,"90":90,"91":91,"92":92,"93":93,"94":94,"95":95,"96":96,"97":97,"98":98,"99":99},"Honest Agent":{"0":0.7506203954,"1":0.8249362694,"2":0.925642741,"3":0.9710205392,"4":0.9835192193,"5":0.9957039057,"6":0.9977963639,"7":1.0,"8":1.0,"9":1.0,"10":1.0,"11":1.0,"12":1.0,"13":1.0,"14":1.0,"15":1.0,"16":1.0,"17":1.0,"18":1.0,"19":1.0,"20":1.0,"21":1.0,"22":1.0,"23":1.0,"24":1.0,"25":1.0,"26":1.0,"27":1.0,"28":1.0,"29":1.0,"30":1.0,"31":1.0,"32":1.0,"33":1.0,"34":1.0,"35":1.0,"36":1.0,"37":1.0,"38":1.0,"39":1.0,"40":1.0,"41":1.0,"42":1.0,"43":1.0,"44":1.0,"45":1.0,"46":1.0,"47":1.0,"48":1.0,"49":1.0,"50":1.0,"51":1.0,"52":1.0,"53":1.0,"54":1.0,"55":1.0,"56":1.0,"57":1.0,"58":1.0,"59":1.0,"60":1.0,"61":1.0,"62":1.0,"63":1.0,"64":1.0,"65":1.0,"66":1.0,"67":1.0,"68":1.0,"69":1.0,"70":1.0,"71":1.0,"72":1.0,"73":1.0,"74":1.0,"75":1.0,"76":1.0,"77":1.0,"78":1.0,"79":1.0,"80":1.0,"81":1.0,"82":1.0,"83":1.0,"84":1.0,"85":1.0,"86":1.0,"87":1.0,"88":1.0,"89":1.0,"90":1.0,"91":1.0,"92":1.0,"93":1.0,"94":1.0,"95":1.0,"96":1.0,"97":1.0,"98":1.0,"99":1.0},"Strategic Agent":{"0":0.7539161611,"1":0.6631565076,"2":0.5849827403,"3":0.5350406516,"4":0.5042031791,"5":0.4830366485,"6":0.4696582485,"7":0.4599834772,"8":0.4527915778,"9":0.4469839909,"10":0.4424142572,"11":0.4386473414,"12":0.435512996,"13":0.4327429089,"14":0.4304655525,"15":0.4284516163,"16":0.4266847824,"17":0.4251074968,"18":0.4236669613,"19":0.422362914,"20":0.4211808064,"21":0.4201135024,"22":0.4191366711,"23":0.4182620611,"24":0.4174660416,"25":0.4167188215,"26":0.4160398535,"27":0.4153950427,"28":0.4148002269,"29":0.414236354,"30":0.4137149243,"31":0.4132357336,"32":0.4127833449,"33":0.4123577815,"34":0.4119426815,"35":0.4115594863,"36":0.411201857,"37":0.4108649735,"38":0.4105496162,"39":0.4102422077,"40":0.4099527088,"41":0.409667657,"42":0.4094043195,"43":0.4091499596,"44":0.4089037715,"45":0.408669886,"46":0.4084550653,"47":0.4082435283,"48":0.4080402317,"49":0.407845218,"50":0.4076627989,"51":0.4074821917,"52":0.4073078991,"53":0.4071433531,"54":0.4069853512,"55":0.4068300784,"56":0.4066781016,"57":0.406532664,"58":0.4063944744,"59":0.4062592116,"60":0.4061315114,"61":0.4060081939,"62":0.4058816871,"63":0.4057625677,"64":0.4056500547,"65":0.4055383335,"66":0.4054316998,"67":0.4053261783,"68":0.4052230587,"69":0.4051251608,"70":0.4050328787,"71":0.4049386698,"72":0.404849236,"73":0.4047608101,"74":0.4046752687,"75":0.4045917251,"76":0.4045124378,"77":0.4044312902,"78":0.4043552361,"79":0.4042815139,"80":0.4042092401,"81":0.4041379474,"82":0.4040666402,"83":0.4039992408,"84":0.4039312716,"85":0.4038658846,"86":0.403802673,"87":0.4037410354,"88":0.4036804786,"89":0.403620464,"90":0.4035612983,"91":0.4035041596,"92":0.4034489434,"93":0.403394995,"94":0.4033413704,"95":0.4032885387,"96":0.4032383131,"97":0.4031877983,"98":0.4031388914,"99":0.4030905831}}