{"Cycle":{"0":0,"1":1,"2":2,"3":3,"4":4,"5":5,"6":6,"7":7,"8":8,"9":9,"10":10,"11":11,"12":12,"13":13,"14":14,"15":15,"16":16,"17":17,"18":18,"19":19,"20":20,"21":21,"22":22,"23":23,"24":24,"25":25,"26":26,"27":27,"28":28,"29":29,"30":30,"31":31,"32":32,"33":33,"34":34,"35":35,"36":36,"37":37,"38":38,"39":39,"40":40,"41":41,"42":42,"43":43,"44":44,"45":45,"46":46,"47":47,"48":48,"49":49,"50":50,"51":51,"52":52,"53":53,"54":54,"55":55,"56":56,"57":57,"58":58,"59":59,"60":60,"61":61,"62":62,"63":63,"64":64,"65":65,"66":66,"67":67,"68":68,"69":69,"70":70,"71":71,"72":72,"73":73,"74":74,"75":75,"76":76,"77":77,"78":78,"79":79,"80":80,"81":81,"82":82,"83":83,"84":84,"85":85,"86":86,"87":87,"88":88,"89":89,"90":90,"91":91,"92":92,"93":93,"94":94,"95":95,"96":96,"97":97,"98":98,"99":99},"Honest Agent":{"0":0.6022636514,"1":0.610807821,"2":0.6812771121,"3":0.7491889886,"4":0.8403277712,"5":0.9078152228,"6":0.9351702551,"7":0.9557874621,"8":0.9819792873,"9":0.9908719241,"10":0.9862035286,"11":1.0,"12":1.0,"13":1.0,"14":1.0,"15":1.0,"16":1.0,"17":1.0,"18":1.0,"19":1.0,"20":1.0,"21":1.0,"22":1.0,"23":1.0,"24":1.0,"25":1.0,"26":1.0,"27":1.0,"28":1.0,"29":1.0,"30":1.0,"31":1.0,"32":1.0,"33":1.0,"34":1.0,"35":1.0,"36":1.0,"37":1.0,"38":1.0,"39":1.0,"40":1.0,"41":1.0,"42":1.0,"43":1.0,"44":1.0,"45":1.0,"46":1.0,"47":1.0,"48":1.0,"49":1.0,"50":1.0,"51":1.0,"52":1.0,"53":1.0,"54":1.0,"55":1.0,"56":1.0,"57":1.0,"58":1.0,"59":1.0,"60":1.0,"61":1.0,"62":1.0,"63":1.0,"64":1.0,"65":1.0,"66":1.0,"67":1.0,"68":1.0,"69":1.0,"70":1.0,"71":1.0,"72":1.0,"73":1.0,"74":1.0,"75":1.0,"76":1.0,"77":1.0,"78":1.0,"79":1.0,"80":1.0,"81":1.0,"82":1.0,"83":1.0,"84":1.0,"85":1.0,"86":1.0,"87":1.0,"88":1.0,"89":1.0,"90":1.0,"91":1.0,"92":1.0,"93":1.0,"94":1.0,"95":1.0,"96":1.0,"97":1.0,"98":1.0,"99":1.0},"Strategic Agent":{"0":0.7520066517,"1":0.6643594581,"2":0.6161616834,"3":0.5788621078,"4":0.5499239051,"5":0.527553017,"6":0.5126964176,"7":0.5015036348,"8":0.4920411604,"9":0.4854047201,"10":0.4814826149,"11":0.4762395852,"12":0.4730946717,"13":0.4703894138,"14":0.4680617645,"15":0.4660315484,"16":0.4642285818,"17":0.4626925961,"18":0.4611927659,"19":0.4599359095,"20":0.458821095,"21":0.4578007341,"22":0.4568607412,"23":0.455981987,"24":0.4551661016,"25":0.4544354156,"26":0.4537585597,"27":0.4531375319,"28":0.4525590312,"29":0.4520129715,"30":0.4514903268,"31":0.4510336952,"32":0.450588947,"33":0.4501671325,"34":0.4497803347,"35":0.4493907266,"36":0.4490322317,"37":0.4486880831,"38":0.4483682242,"39":0.4480661586,"40":0.4477778385,"41":0.4475055684,"42":0.4472344212,"43":0.4469844104,"44":0.4467433409,"45":0.4465092692,"46":0.4462898239,"47":0.4460850005,"48":0.4458920881,"49":0.4456934755,"50":0.4455084434,"51":0.4453276093,"52":0.4451478465,"53":0.4449793111,"54":0.4448164725,"55":0.4446628869,"56":0.4445188353,"57":0.4443776095,"58":0.4442392518,"59":0.4441046539,"60":0.4439749315,"61":0.4438516035,"62":0.443734952,"63":0.4436159825,"64":0.4435048192,"65":0.4433947544,"66":0.4432858504,"67":0.4431815255,"68":0.4430812804,"69":0.4429868173,"70":0.4428928165,"71":0.442801237,"72":0.4427118493,"73":0.4426239846,"74":0.4425386283,"75":0.4424534181,"76":0.4423705042,"77":0.4422919668,"78":0.4422186649,"79":0.4421432568,"80":0.4420719329,"81":0.4419993975,"82":0.4419304451,"83":0.4418628488,"84":0.441796517,"85":0.4417303672,"86":0.4416681557,"87":0.4416069699,"88":0.4415484109,"89":0.4414890762,"90":0.4414318825,"91":0.4413748751,"92":0.4413187173,"93":0.4412656606,"94":0.4412116167,"95":0.4411599025,"96":0.4411095969,"97":0.4410591344,"98":0.4410106353,"99":0.4409635687}}