{"Cycle":{"0":0,"1":1,"2":2,"3":3,"4":4,"5":5,"6":6,"7":7,"8":8,"9":9,"10":10,"11":11,"12":12,"13":13,"14":14,"15":15,"16":16,"17":17,"18":18,"19":19,"20":20,"21":21,"22":22,"23":23,"24":24,"25":25,"26":26,"27":27,"28":28,"29":29,"30":30,"31":31,"32":32,"33":33,"34":34,"35":35,"36":36,"37":37,"38":38,"39":39,"40":40,"41":41,"42":42,"43":43,"44":44,"45":45,"46":46,"47":47,"48":48,"49":49,"50":50,"51":51,"52":52,"53":53,"54":54,"55":55,"56":56,"57":57,"58":58,"59":59,"60":60,"61":61,"62":62,"63":63,"64":64,"65":65,"66":66,"67":67,"68":68,"69":69,"70":70,"71":71,"72":72,"73":73,"74":74,"75":75,"76":76,"77":77,"78":78,"79":79,"80":80,"81":81,"82":82,"83":83,"84":84,"85":85,"86":86,"87":87,"88":88,"89":89,"90":90,"91":91,"92":92,"93":93,"94":94,"95":95,"96":96,"97":97,"98":98,"99":99},"Honest Agent":{"0":0.7826290953,"1":0.885983809,"2":0.9376600164,"3":0.956412967,"4":0.9770130132,"5":0.9807678395,"6":0.9869444782,"7":0.9955801924,"8":0.9932927059,"9":0.9954699316,"10":1.0,"11":1.0,"12":1.0,"13":1.0,"14":1.0,"15":1.0,"16":1.0,"17":1.0,"18":1.0,"19":1.0,"20":1.0,"21":1.0,"22":1.0,"23":1.0,"24":1.0,"25":1.0,"26":1.0,"27":1.0,"28":1.0,"29":1.0,"30":1.0,"31":1.0,"32":1.0,"33":1.0,"34":1.0,"35":1.0,"36":1.0,"37":1.0,"38":1.0,"39":1.0,"40":1.0,"41":1.0,"42":1.0,"43":1.0,"44":1.0,"45":1.0,"46":1.0,"47":1.0,"48":1.0,"49":1.0,"50":1.0,"51":1.0,"52":1.0,"53":1.0,"54":1.0,"55":1.0,"56":1.0,"57":1.0,"58":1.0,"59":1.0,"60":1.0,"61":1.0,"62":1.0,"63":1.0,"64":1.0,"65":1.0,"66":1.0,"67":1.0,"68":1.0,"69":1.0,"70":1.0,"71":1.0,"72":1.0,"73":1.0,"74":1.0,"75":1.0,"76":1.0,"77":1.0,"78":1.0,"79":1.0,"80":1.0,"81":1.0,"82":1.0,"83":1.0,"84":1.0,"85":1.0,"86":1.0,"87":1.0,"88":1.0,"89":1.0,"90":1.0,"91":1.0,"92":1.0,"93":1.0,"94":1.0,"95":1.0,"96":1.0,"97":1.0,"98":1.0,"99":1.0},"Strategic Agent":{"0":0.657116205,"1":0.5182559136,"2":0.4071589794,"3":0.3197781219,"4":0.2672027244,"5":0.2193167447,"6":0.1760515139,"7":0.1410840531,"8":0.1161276845,"9":0.0970063641,"10":0.0843048192,"11":0.0746370807,"12":0.0675834544,"13":0.0620728203,"14":0.0571133794,"15":0.053302554,"16":0.0499518728,"17":0.0469187159,"18":0.0441894076,"19":0.0418040878,"20":0.0396208502,"21":0.0376494355,"22":0.0358969817,"23":0.0342740137,"24":0.0327543062,"25":0.0314370062,"26":0.0301568968,"27":0.0289685579,"28":0.0278887397,"29":0.0269202272,"30":0.0260160619,"31":0.02511879,"32":0.024290577,"33":0.0235272818,"34":0.0228165565,"35":0.0221481566,"36":0.0215384692,"37":0.0209592967,"38":0.0203985036,"39":0.019862635,"40":0.0193458632,"41":0.0188504903,"42":0.0183923489,"43":0.017961703,"44":0.0175522972,"45":0.017157986,"46":0.016780538,"47":0.0164093617,"48":0.0160650238,"49":0.0157295827,"50":0.0153959666,"51":0.0150837751,"52":0.0147979211,"53":0.0145231803,"54":0.01424417,"55":0.0139922038,"56":0.0137464173,"57":0.0135071356,"58":0.0132836047,"59":0.0130633794,"60":0.012845957,"61":0.0126239628,"62":0.0124153011,"63":0.012214106,"64":0.0120197623,"65":0.0118346157,"66":0.0116548617,"67":0.0114700548,"68":0.0112959511,"69":0.0111283967,"70":0.010967751,"71":0.0108122588,"72":0.0106631709,"73":0.0105179838,"74":0.0103711957,"75":0.0102281148,"76":0.0100877984,"77":0.0099542327,"78":0.0098170938,"79":0.009696728,"80":0.0095717365,"81":0.0094538807,"82":0.0093373366,"83":0.0092186418,"84":0.0091063912,"85":0.0089963133,"86":0.0088868497,"87":0.0087865208,"88":0.0086857547,"89":0.0085879403,"90":0.0084885199,"91":0.008393378,"92":0.0082980603,"93":0.0082101701,"94":0.0081242106,"95":0.0080392033,"96":0.0079574175,"97":0.0078777476,"98":0.0077968249,"99":0.0077147585}}