{"Cycle":{"0":0,"1":1,"2":2,"3":3,"4":4,"5":5,"6":6,"7":7,"8":8,"9":9,"10":10,"11":11,"12":12,"13":13,"14":14,"15":15,"16":16,"17":17,"18":18,"19":19,"20":20,"21":21,"22":22,"23":23,"24":24,"25":25,"26":26,"27":27,"28":28,"29":29,"30":30,"31":31,"32":32,"33":33,"34":34,"35":35,"36":36,"37":37,"38":38,"39":39,"40":40,"41":41,"42":42,"43":43,"44":44,"45":45,"46":46,"47":47,"48":48,"49":49,"50":50,"51":51,"52":52,"53":53,"54":54,"55":55,"56":56,"57":57,"58":58,"59":59,"60":60,"61":61,"62":62,"63":63,"64":64,"65":65,"66":66,"67":67,"68":68,"69":69,"70":70,"71":71,"72":72,"73":73,"74":74,"75":75,"76":76,"77":77,"78":78,"79":79,"80":80,"81":81,"82":82,"83":83,"84":84,"85":85,"86":86,"87":87,"88":88,"89":89,"90":90,"91":91,"92":92,"93":93,"94":94,"95":95,"96":96,"97":97,"98":98,"99":99},"Honest Agent":{"0":0.7337376116,"1":0.7521746442,"2":0.8286701215,"3":0.8776963062,"4":0.9509406114,"5":0.9659806555,"6":0.973795534,"7":0.9733382083,"8":0.9954767296,"9":1.0,"10":1.0,"11":1.0,"12":1.0,"13":1.0,"14":1.0,"15":1.0,"16":1.0,"17":1.0,"18":1.0,"19":1.0,"20":1.0,"21":1.0,"22":1.0,"23":1.0,"24":1.0,"25":1.0,"26":1.0,"27":1.0,"28":1.0,"29":1.0,"30":1.0,"31":1.0,"32":1.0,"33":1.0,"34":1.0,"35":1.0,"36":1.0,"37":1.0,"38":1.0,"39":1.0,"40":1.0,"41":1.0,"42":1.0,"43":1.0,"44":1.0,"45":1.0,"46":1.0,"47":1.0,"48":1.0,"49":1.0,"50":1.0,"51":1.0,"52":1.0,"53":1.0,"54":1.0,"55":1.0,"56":1.0,"57":1.0,"58":1.0,"59":1.0,"60":1.0,"61":1.0,"62":1.0,"63":1.0,"64":1.0,"65":1.0,"66":1.0,"67":1.0,"68":1.0,"69":1.0,"70":1.0,"71":1.0,"72":1.0,"73":1.0,"74":1.0,"75":1.0,"76":1.0,"77":1.0,"78":1.0,"79":1.0,"80":1.0,"81":1.0,"82":1.0,"83":1.0,"84":1.0,"85":1.0,"86":1.0,"87":1.0,"88":1.0,"89":1.0,"90":1.0,"91":1.0,"92":1.0,"93":1.0,"94":1.0,"95":1.0,"96":1.0,"97":1.0,"98":1.0,"99":1.0},"Strategic Agent":{"0":0.7394269789,"1":0.6364730473,"2":0.5699270397,"3":0.5270286842,"4":0.4940750551,"5":0.47270016,"6":0.4584410357,"7":0.448989638,"8":0.4391144695,"9":0.4322714888,"10":0.4271557911,"11":0.4231416987,"12":0.4198882455,"13":0.4169107651,"14":0.4144485698,"15":0.4122342805,"16":0.4102539997,"17":0.4084656251,"18":0.4068955813,"19":0.4055145185,"20":0.4042917998,"21":0.403179097,"22":0.4021583398,"23":0.4012181107,"24":0.4003851263,"25":0.399575171,"26":0.3988552002,"27":0.3981594658,"28":0.3975362005,"29":0.3969498719,"30":0.3963735707,"31":0.3958336412,"32":0.3953419917,"33":0.3948761935,"34":0.39444751,"35":0.3940289859,"36":0.3936405546,"37":0.3932725242,"38":0.3929293565,"39":0.3926170564,"40":0.3923087328,"41":0.3920229199,"42":0.3917415739,"43":0.3914583976,"44":0.3912050595,"45":0.3909544605,"46":0.3907156567,"47":0.3904807371,"48":0.3902629016,"49":0.3900593586,"50":0.389856467,"51":0.3896656816,"52":0.3894822781,"53":0.3893071864,"54":0.3891390158,"55":0.3889752274,"56":0.3888237904,"57":0.3886741718,"58":0.3885242706,"59":0.3883846957,"60":0.38824647,"61":0.3881137548,"62":0.3879783762,"63":0.3878533924,"64":0.3877343267,"65":0.3876181438,"66":0.3875028418,"67":0.3873943425,"68":0.3872843747,"69":0.3871817791,"70":0.387078648,"71":0.3869812595,"72":0.3868810987,"73":0.386788892,"74":0.3866988165,"75":0.3866107847,"76":0.3865267478,"77":0.3864422537,"78":0.386359972,"79":0.386280349,"80":0.3862041721,"81":0.3861289053,"82":0.3860532501,"83":0.385979364,"84":0.3859100782,"85":0.3858395125,"86":0.3857727244,"87":0.3857037549,"88":0.3856407179,"89":0.3855758894,"90":0.3855137516,"91":0.3854531546,"92":0.385393883,"93":0.3853371576,"94":0.3852815458,"95":0.3852253071,"96":0.3851713363,"97":0.385119135,"98":0.3850670025,"99":0.3850176438}}