{"Cycle":{"0":0,"1":1,"2":2,"3":3,"4":4,"5":5,"6":6,"7":7,"8":8,"9":9,"10":10,"11":11,"12":12,"13":13,"14":14,"15":15,"16":16,"17":17,"18":18,"19":19,"20":20,"21":21,"22":22,"23":23,"24":24,"25":25,"26":26,"27":27,"28":28,"29":29,"30":30,"31":31,"32":32,"33":33,"34":34,"35":35,"36":36,"37":37,"38":38,"39":39,"40":40,"41":41,"42":42,"43":43,"44":44,"45":45,"46":46,"47":47,"48":48,"49":49,"50":50,"51":51,"52":52,"53":53,"54":54,"55":55,"56":56,"57":57,"58":58,"59":59,"60":60,"61":61,"62":62,"63":63,"64":64,"65":65,"66":66,"67":67,"68":68,"69":69,"70":70,"71":71,"72":72,"73":73,"74":74,"75":75,"76":76,"77":77,"78":78,"79":79,"80":80,"81":81,"82":82,"83":83,"84":84,"85":85,"86":86,"87":87,"88":88,"89":89,"90":90,"91":91,"92":92,"93":93,"94":94,"95":95,"96":96,"97":97,"98":98,"99":99},"Honest Agent":{"0":0.7265549233,"1":0.8103874027,"2":0.8947612031,"3":0.9497138566,"4":0.9772124811,"5":0.9892129345,"6":0.9955667759,"7":0.9954931653,"8":1.0,"9":1.0,"10":1.0,"11":1.0,"12":1.0,"13":1.0,"14":1.0,"15":1.0,"16":1.0,"17":1.0,"18":1.0,"19":1.0,"20":1.0,"21":1.0,"22":1.0,"23":1.0,"24":1.0,"25":1.0,"26":1.0,"27":1.0,"28":1.0,"29":1.0,"30":1.0,"31":1.0,"32":1.0,"33":1.0,"34":1.0,"35":1.0,"36":1.0,"37":1.0,"38":1.0,"39":1.0,"40":1.0,"41":1.0,"42":1.0,"43":1.0,"44":1.0,"45":1.0,"46":1.0,"47":1.0,"48":1.0,"49":1.0,"50":1.0,"51":1.0,"52":1.0,"53":1.0,"54":1.0,"55":1.0,"56":1.0,"57":1.0,"58":1.0,"59":1.0,"60":1.0,"61":1.0,"62":1.0,"63":1.0,"64":1.0,"65":1.0,"66":1.0,"67":1.0,"68":1.0,"69":1.0,"70":1.0,"71":1.0,"72":1.0,"73":1.0,"74":1.0,"75":1.0,"76":1.0,"77":1.0,"78":1.0,"79":1.0,"80":1.0,"81":1.0,"82":1.0,"83":1.0,"84":1.0,"85":1.0,"86":1.0,"87":1.0,"88":1.0,"89":1.0,"90":1.0,"91":1.0,"92":1.0,"93":1.0,"94":1.0,"95":1.0,"96":1.0,"97":1.0,"98":1.0,"99":1.0},"Strategic Agent":{"0":0.7505814782,"1":0.6732829092,"2":0.608948733,"3":0.5616079807,"4":0.5304390036,"5":0.5109863657,"6":0.4975679338,"7":0.4892254022,"8":0.4815171355,"9":0.476600081,"10":0.4726465897,"11":0.4693571231,"12":0.4665606007,"13":0.4641153018,"14":0.4619891569,"15":0.4601749372,"16":0.458546216,"17":0.457135631,"18":0.4558594699,"19":0.4547152179,"20":0.4536836543,"21":0.452745365,"22":0.451895775,"23":0.4511046319,"24":0.4503840324,"25":0.4497175863,"26":0.4491293483,"27":0.4485610634,"28":0.4480461285,"29":0.4475529888,"30":0.4470951887,"31":0.446669864,"32":0.4462543067,"33":0.4458692284,"34":0.4455147977,"35":0.4451751736,"36":0.444857768,"37":0.4445525874,"38":0.4442628097,"39":0.4439871692,"40":0.4437288918,"41":0.4434774594,"42":0.4432406245,"43":0.4430120001,"44":0.4427967811,"45":0.4425861844,"46":0.4423872972,"47":0.4421968351,"48":0.4420160367,"49":0.4418376176,"50":0.4416740281,"51":0.441513528,"52":0.4413594706,"53":0.4412111731,"54":0.4410671763,"55":0.4409298542,"56":0.4407967544,"57":0.4406662102,"58":0.4405415634,"59":0.4404198723,"60":0.4403029878,"61":0.44019154,"62":0.4400816096,"63":0.4399754961,"64":0.4398774668,"65":0.4397767919,"66":0.4396832065,"67":0.4395896431,"68":0.4394969309,"69":0.4394065634,"70":0.4393193112,"71":0.4392377752,"72":0.4391568036,"73":0.4390805759,"74":0.4390052692,"75":0.4389310962,"76":0.4388607682,"77":0.438790796,"78":0.4387213329,"79":0.4386535134,"80":0.4385861857,"81":0.4385209878,"82":0.4384602949,"83":0.4383976827,"84":0.4383374209,"85":0.4382790056,"86":0.4382235096,"87":0.4381681024,"88":0.4381131648,"89":0.4380593628,"90":0.4380083557,"91":0.4379584876,"92":0.4379093579,"93":0.4378595378,"94":0.437811159,"95":0.4377637588,"96":0.4377182073,"97":0.4376737507,"98":0.4376297442,"99":0.4375858127}}