{"Cycle":{"0":0,"1":1,"2":2,"3":3,"4":4,"5":5,"6":6,"7":7,"8":8,"9":9,"10":10,"11":11,"12":12,"13":13,"14":14,"15":15,"16":16,"17":17,"18":18,"19":19,"20":20,"21":21,"22":22,"23":23,"24":24,"25":25,"26":26,"27":27,"28":28,"29":29,"30":30,"31":31,"32":32,"33":33,"34":34,"35":35,"36":36,"37":37,"38":38,"39":39,"40":40,"41":41,"42":42,"43":43,"44":44,"45":45,"46":46,"47":47,"48":48,"49":49,"50":50,"51":51,"52":52,"53":53,"54":54,"55":55,"56":56,"57":57,"58":58,"59":59,"60":60,"61":61,"62":62,"63":63,"64":64,"65":65,"66":66,"67":67,"68":68,"69":69,"70":70,"71":71,"72":72,"73":73,"74":74,"75":75,"76":76,"77":77,"78":78,"79":79,"80":80,"81":81,"82":82,"83":83,"84":84,"85":85,"86":86,"87":87,"88":88,"89":89,"90":90,"91":91,"92":92,"93":93,"94":94,"95":95,"96":96,"97":97,"98":98,"99":99},"Honest Agent":{"0":0.7152719674,"1":0.7858077063,"2":0.8125688864,"3":0.8291695413,"4":0.8453410416,"5":0.8584277004,"6":0.8738150944,"7":0.8738981317,"8":0.8734090493,"9":0.8819412922,"10":0.8826965306,"11":0.8874840857,"12":0.8871927257,"13":0.8884844868,"14":0.8900807833,"15":0.8922110212,"16":0.8983803414,"17":0.8967932429,"18":0.8956219302,"19":0.9033181265,"20":0.9132816875,"21":0.9153051652,"22":0.9140892468,"23":0.9168540709,"24":0.9164566259,"25":0.9177172148,"26":0.9166743368,"27":0.915890871,"28":0.9151019564,"29":0.9175995137,"30":0.9154671188,"31":0.9187116985,"32":0.918796273,"33":0.9176645905,"34":0.9181023972,"35":0.9200899687,"36":0.9222334187,"37":0.9187529841,"38":0.9160026807,"39":0.9160529652,"40":0.9186850656,"41":0.9165448984,"42":0.9172116664,"43":0.9166541254,"44":0.9205398646,"45":0.9198542673,"46":0.9232756495,"47":0.9214381016,"48":0.921994941,"49":0.9198912587,"50":0.9201630267,"51":0.9228121906,"52":0.9221304239,"53":0.9224870338,"54":0.9252947723,"55":0.9258345123,"56":0.9268603047,"57":0.9273281858,"58":0.9269381889,"59":0.9263523784,"60":0.9275984493,"61":0.9271233641,"62":0.9273682799,"63":0.9263607914,"64":0.9270569044,"65":0.9278715054,"66":0.9281361668,"67":0.928458486,"68":0.9293380446,"69":0.9281874147,"70":0.9306570888,"71":0.9298740929,"72":0.9295017523,"73":0.9314690247,"74":0.9306942074,"75":0.9309475465,"76":0.9306446843,"77":0.9305038635,"78":0.931624727,"79":0.9311632729,"80":0.9331015972,"81":0.9327084474,"82":0.9338758016,"83":0.93259572,"84":0.933522708,"85":0.9340918481,"86":0.933706189,"87":0.9347257934,"88":0.9355305228,"89":0.9347351882,"90":0.9334757069,"91":0.9346452603,"92":0.9342745561,"93":0.9343977914,"94":0.9348492428,"95":0.9347636352,"96":0.9351367625,"97":0.9342246841,"98":0.9345557487,"99":0.9356259804},"Strategic Agent":{"0":0.7499214106,"1":0.8246695992,"2":0.8455292135,"3":0.8679754726,"4":0.8910357339,"5":0.9012623961,"6":0.9125906644,"7":0.9159320878,"8":0.9156060329,"9":0.9210026918,"10":0.9217976871,"11":0.9309902392,"12":0.9324475737,"13":0.935265371,"14":0.9364083176,"15":0.9348475506,"16":0.9399361468,"17":0.9412199926,"18":0.9400357498,"19":0.9453774726,"20":0.9515742757,"21":0.9564070703,"22":0.9514904881,"23":0.9550128306,"24":0.9579805568,"25":0.9608738966,"26":0.9572836255,"27":0.9578513537,"28":0.9607005734,"29":0.9622677908,"30":0.9602198206,"31":0.9618848186,"32":0.9630729189,"33":0.961347364,"34":0.9607519476,"35":0.9635042931,"36":0.9642273726,"37":0.9617259063,"38":0.9607841262,"39":0.9611498942,"40":0.9650421777,"41":0.963635026,"42":0.9652554985,"43":0.9641629178,"44":0.9688963384,"45":0.9657208011,"46":0.9695652109,"47":0.9691164979,"48":0.9701698445,"49":0.9675407695,"50":0.9687938815,"51":0.9713594672,"52":0.9697304568,"53":0.9697396829,"54":0.9718502041,"55":0.9719000326,"56":0.9727429707,"57":0.9735050677,"58":0.9740626801,"59":0.9732054385,"60":0.9726088203,"61":0.9724052215,"62":0.9726442464,"63":0.9740614131,"64":0.9743066111,"65":0.9742295399,"66":0.97583087,"67":0.9768668158,"68":0.9785872862,"69":0.9762049569,"70":0.9792183324,"71":0.9780244163,"72":0.9765005841,"73":0.9781254665,"74":0.9781430834,"75":0.9769825155,"76":0.9775655389,"77":0.9771762934,"78":0.9774811975,"79":0.9771901969,"80":0.979666139,"81":0.9785798661,"82":0.9797674692,"83":0.9791463804,"84":0.980644162,"85":0.9800881716,"86":0.9798869076,"87":0.9812933676,"88":0.981542481,"89":0.9815769,"90":0.9806214669,"91":0.9827021286,"92":0.9831774161,"93":0.9845565523,"94":0.9854353597,"95":0.984900782,"96":0.9848137658,"97":0.9825624894,"98":0.9840067812,"99":0.9853114836}}