{"Cycle":{"0":0,"1":1,"2":2,"3":3,"4":4,"5":5,"6":6,"7":7,"8":8,"9":9,"10":10,"11":11,"12":12,"13":13,"14":14,"15":15,"16":16,"17":17,"18":18,"19":19,"20":20,"21":21,"22":22,"23":23,"24":24,"25":25,"26":26,"27":27,"28":28,"29":29,"30":30,"31":31,"32":32,"33":33,"34":34,"35":35,"36":36,"37":37,"38":38,"39":39,"40":40,"41":41,"42":42,"43":43,"44":44,"45":45,"46":46,"47":47,"48":48,"49":49,"50":50,"51":51,"52":52,"53":53,"54":54,"55":55,"56":56,"57":57,"58":58,"59":59,"60":60,"61":61,"62":62,"63":63,"64":64,"65":65,"66":66,"67":67,"68":68,"69":69,"70":70,"71":71,"72":72,"73":73,"74":74,"75":75,"76":76,"77":77,"78":78,"79":79,"80":80,"81":81,"82":82,"83":83,"84":84,"85":85,"86":86,"87":87,"88":88,"89":89,"90":90,"91":91,"92":92,"93":93,"94":94,"95":95,"96":96,"97":97,"98":98,"99":99},"Honest Agent":{"0":0.6380968065,"1":0.7312604013,"2":0.7648605351,"3":0.7754087637,"4":0.7795426791,"5":0.7892759446,"6":0.7959206312,"7":0.8066134405,"8":0.8055747898,"9":0.8115803068,"10":0.8114001125,"11":0.8172006238,"12":0.8191966342,"13":0.8259088312,"14":0.8309410741,"15":0.8342995463,"16":0.8360698244,"17":0.8362430662,"18":0.8387291533,"19":0.8416182386,"20":0.8423280276,"21":0.8440228965,"22":0.8461947518,"23":0.849348615,"24":0.8508363244,"25":0.8501772074,"26":0.8501864354,"27":0.8492104481,"28":0.8483399954,"29":0.8479810508,"30":0.8477528744,"31":0.8477642869,"32":0.8508327905,"33":0.8503021156,"34":0.8502080606,"35":0.8523042797,"36":0.8522214603,"37":0.8493143727,"38":0.8521625335,"39":0.8508523624,"40":0.8500026774,"41":0.8460879993,"42":0.8429179602,"43":0.8426406466,"44":0.8431340715,"45":0.8421154505,"46":0.8410525874,"47":0.8396916575,"48":0.8419546322,"49":0.8402769596,"50":0.8380335032,"51":0.8387032736,"52":0.838618054,"53":0.8383161734,"54":0.8362609823,"55":0.8381109049,"56":0.8363192411,"57":0.8370094035,"58":0.83701528,"59":0.8368669601,"60":0.8361520866,"61":0.8366888875,"62":0.835462878,"63":0.834731214,"64":0.834030294,"65":0.8339886998,"66":0.8341261297,"67":0.8346191443,"68":0.8352718478,"69":0.8337457333,"70":0.8343739032,"71":0.8333575258,"72":0.8322233919,"73":0.8324307174,"74":0.8323629057,"75":0.8334956587,"76":0.83380936,"77":0.8331642258,"78":0.8324241243,"79":0.8319651759,"80":0.8323954881,"81":0.8313654347,"82":0.8305396565,"83":0.8293784006,"84":0.8294814802,"85":0.8289409906,"86":0.8292284161,"87":0.8303648777,"88":0.8297030278,"89":0.8289381562,"90":0.8289093985,"91":0.8287104074,"92":0.828392506,"93":0.8288019731,"94":0.8288599254,"95":0.8285897978,"96":0.8288353591,"97":0.8287011143,"98":0.8285814551,"99":0.8284131911},"Strategic Agent":{"0":0.7356226671,"1":0.7946867052,"2":0.8513088678,"3":0.869901418,"4":0.875992757,"5":0.8903747689,"6":0.8905907828,"7":0.9035783306,"8":0.906707258,"9":0.9125552222,"10":0.9199432769,"11":0.926639724,"12":0.9280572995,"13":0.9322978788,"14":0.9363780904,"15":0.9382983837,"16":0.941180494,"17":0.9439447419,"18":0.9417861612,"19":0.9482213473,"20":0.950124172,"21":0.9528069277,"22":0.9544499842,"23":0.952824373,"24":0.9599613292,"25":0.9581036778,"26":0.9585337455,"27":0.9601976817,"28":0.9622764887,"29":0.9666252815,"30":0.965782843,"31":0.9672960968,"32":0.9668517312,"33":0.9691577223,"34":0.9710629208,"35":0.9688570893,"36":0.9703323386,"37":0.9736868063,"38":0.9708411027,"39":0.973580632,"40":0.9755029498,"41":0.9796975376,"42":0.9830288248,"43":0.9835090577,"44":0.9826580381,"45":0.9840141894,"46":0.9858934171,"47":0.9869749472,"48":0.9857044391,"49":0.9875592607,"50":0.9898262251,"51":0.9887092291,"52":0.9887032638,"53":0.9892884465,"54":0.9909490995,"55":0.9900344653,"56":0.9915692071,"57":0.9911952316,"58":0.991195549,"59":0.9918023598,"60":0.9920124142,"61":0.9916303055,"62":0.9925958295,"63":0.9933892486,"64":0.9935686739,"65":0.9939820904,"66":0.9941944145,"67":0.9937982179,"68":0.9934108739,"69":0.9945967363,"70":0.993996054,"71":0.9947924227,"72":0.9951764225,"73":0.9951823831,"74":0.9958090726,"75":0.9950048698,"76":0.9950142808,"77":0.9952034715,"78":0.9958106031,"79":0.9960091729,"80":0.9958098872,"81":0.9962057223,"82":0.9968226186,"83":0.997653953,"84":0.9974422222,"85":0.9980755861,"86":0.9980788197,"87":0.9976675171,"88":0.9980841591,"89":0.9985032089,"90":0.9985029572,"91":0.9987153281,"92":0.9987129438,"93":0.9987160148,"94":0.9985025243,"95":0.9987144235,"96":0.9985023094,"97":0.9987152584,"98":0.9987143609,"99":0.9987130989}}