{"Cycle":{"0":0,"1":1,"2":2,"3":3,"4":4,"5":5,"6":6,"7":7,"8":8,"9":9,"10":10,"11":11,"12":12,"13":13,"14":14,"15":15,"16":16,"17":17,"18":18,"19":19,"20":20,"21":21,"22":22,"23":23,"24":24,"25":25,"26":26,"27":27,"28":28,"29":29,"30":30,"31":31,"32":32,"33":33,"34":34,"35":35,"36":36,"37":37,"38":38,"39":39,"40":40,"41":41,"42":42,"43":43,"44":44,"45":45,"46":46,"47":47,"48":48,"49":49,"50":50,"51":51,"52":52,"53":53,"54":54,"55":55,"56":56,"57":57,"58":58,"59":59,"60":60,"61":61,"62":62,"63":63,"64":64,"65":65,"66":66,"67":67,"68":68,"69":69,"70":70,"71":71,"72":72,"73":73,"74":74,"75":75,"76":76,"77":77,"78":78,"79":79,"80":80,"81":81,"82":82,"83":83,"84":84,"85":85,"86":86,"87":87,"88":88,"89":89,"90":90,"91":91,"92":92,"93":93,"94":94,"95":95,"96":96,"97":97,"98":98,"99":99},"Honest Agent":{"0":0.4942522534,"1":0.5162854995,"2":0.5223948085,"3":0.5020022144,"4":0.4701129371,"5":0.4486409222,"6":0.4402069985,"7":0.4407818562,"8":0.4400028535,"9":0.4275997178,"10":0.420003151,"11":0.4194688836,"12":0.4205778805,"13":0.4184911026,"14":0.4194274754,"15":0.4194787286,"16":0.4196657747,"17":0.4194890411,"18":0.4199009363,"19":0.4209771214,"20":0.4218270119,"21":0.421379135,"22":0.421740393,"23":0.4214358093,"24":0.4215759887,"25":0.4213753398,"26":0.4225591408,"27":0.4223343192,"28":0.4225082353,"29":0.4219125756,"30":0.4220669809,"31":0.4223697285,"32":0.4225164973,"33":0.4228689611,"34":0.4232065945,"35":0.4227958396,"36":0.4232509226,"37":0.4229873128,"38":0.4232380674,"39":0.4235707237,"40":0.4232012773,"41":0.4227652646,"42":0.4231505811,"43":0.4235446787,"44":0.4235904185,"45":0.4233407494,"46":0.4233028029,"47":0.4230602246,"48":0.4232566061,"49":0.4232803343,"50":0.4237206846,"51":0.4236216375,"52":0.4231291935,"53":0.4234446132,"54":0.4233521257,"55":0.4235424568,"56":0.4238420432,"57":0.423766255,"58":0.423633782,"59":0.4234591434,"60":0.4232890878,"61":0.4231597417,"62":0.4231230673,"63":0.423060121,"64":0.4230999121,"65":0.4231301707,"66":0.4228544352,"67":0.4228958433,"68":0.4226521356,"69":0.4224680851,"70":0.4226128502,"71":0.4226877954,"72":0.4226953658,"73":0.4227853592,"74":0.422770502,"75":0.4227500281,"76":0.4228902333,"77":0.4227688904,"78":0.4228798442,"79":0.4230970296,"80":0.4233263953,"81":0.4233818004,"82":0.4232094585,"83":0.4233055397,"84":0.4235041949,"85":0.4235058009,"86":0.4235226478,"87":0.4234878152,"88":0.4235155436,"89":0.4234367214,"90":0.4235399015,"91":0.4233755571,"92":0.4235236177,"93":0.423590538,"94":0.4235848955,"95":0.4235666736,"96":0.423435337,"97":0.4236025826,"98":0.4235391289,"99":0.4234899495},"Strategic Agent":{"0":0.7823199132,"1":0.8391649286,"2":0.8955238644,"3":0.9389952713,"4":0.9688691351,"5":0.9834592277,"6":0.9874046575,"7":0.9888156371,"8":0.9909000464,"9":0.9978534989,"10":1.0,"11":0.9992743361,"12":0.9992757224,"13":1.0,"14":1.0,"15":1.0,"16":1.0,"17":1.0,"18":1.0,"19":1.0,"20":1.0,"21":1.0,"22":1.0,"23":1.0,"24":1.0,"25":1.0,"26":1.0,"27":1.0,"28":1.0,"29":1.0,"30":1.0,"31":1.0,"32":1.0,"33":1.0,"34":1.0,"35":1.0,"36":1.0,"37":1.0,"38":1.0,"39":1.0,"40":1.0,"41":1.0,"42":1.0,"43":1.0,"44":1.0,"45":1.0,"46":1.0,"47":1.0,"48":1.0,"49":1.0,"50":1.0,"51":1.0,"52":1.0,"53":1.0,"54":1.0,"55":1.0,"56":1.0,"57":1.0,"58":1.0,"59":1.0,"60":1.0,"61":1.0,"62":1.0,"63":1.0,"64":1.0,"65":1.0,"66":1.0,"67":1.0,"68":1.0,"69":1.0,"70":1.0,"71":1.0,"72":1.0,"73":1.0,"74":1.0,"75":1.0,"76":1.0,"77":1.0,"78":1.0,"79":1.0,"80":1.0,"81":1.0,"82":1.0,"83":1.0,"84":1.0,"85":1.0,"86":1.0,"87":1.0,"88":1.0,"89":1.0,"90":1.0,"91":1.0,"92":1.0,"93":1.0,"94":1.0,"95":1.0,"96":1.0,"97":1.0,"98":1.0,"99":1.0}}