{"Cycle":{"0":0,"1":1,"2":2,"3":3,"4":4,"5":5,"6":6,"7":7,"8":8,"9":9,"10":10,"11":11,"12":12,"13":13,"14":14,"15":15,"16":16,"17":17,"18":18,"19":19,"20":20,"21":21,"22":22,"23":23,"24":24,"25":25,"26":26,"27":27,"28":28,"29":29,"30":30,"31":31,"32":32,"33":33,"34":34,"35":35,"36":36,"37":37,"38":38,"39":39,"40":40,"41":41,"42":42,"43":43,"44":44,"45":45,"46":46,"47":47,"48":48,"49":49,"50":50,"51":51,"52":52,"53":53,"54":54,"55":55,"56":56,"57":57,"58":58,"59":59,"60":60,"61":61,"62":62,"63":63,"64":64,"65":65,"66":66,"67":67,"68":68,"69":69,"70":70,"71":71,"72":72,"73":73,"74":74,"75":75,"76":76,"77":77,"78":78,"79":79,"80":80,"81":81,"82":82,"83":83,"84":84,"85":85,"86":86,"87":87,"88":88,"89":89,"90":90,"91":91,"92":92,"93":93,"94":94,"95":95,"96":96,"97":97,"98":98,"99":99},"Honest Agent":{"0":0.5547405544,"1":0.5692430842,"2":0.5705267004,"3":0.5672474507,"4":0.5605090983,"5":0.5555305171,"6":0.5514575038,"7":0.5552358084,"8":0.5497755839,"9":0.547301962,"10":0.5469935734,"11":0.5476303193,"12":0.54625684,"13":0.5459294023,"14":0.5440743199,"15":0.5436507251,"16":0.5419695949,"17":0.5404302191,"18":0.5402166794,"19":0.5405991401,"20":0.5413389747,"21":0.5418901782,"22":0.5414970672,"23":0.5404691746,"24":0.5403608807,"25":0.5398692783,"26":0.5395493963,"27":0.5392441432,"28":0.5395832757,"29":0.5392868958,"30":0.5388951405,"31":0.5394280026,"32":0.5396590075,"33":0.539014682,"34":0.5396069838,"35":0.5399054361,"36":0.5398049512,"37":0.5399224511,"38":0.5405060374,"39":0.5406922761,"40":0.5408156533,"41":0.5407880633,"42":0.5402325289,"43":0.5400035162,"44":0.5402264387,"45":0.5400687128,"46":0.5401690658,"47":0.5403790978,"48":0.5404060848,"49":0.5407790873,"50":0.540781262,"51":0.5408697948,"52":0.5408351183,"53":0.5410270372,"54":0.5413077439,"55":0.5413807253,"56":0.541615583,"57":0.5419087083,"58":0.5420859147,"59":0.5422487361,"60":0.5423443661,"61":0.5424112947,"62":0.5425391973,"63":0.5424216685,"64":0.5423164747,"65":0.5422899347,"66":0.5424264839,"67":0.5421782236,"68":0.5421098828,"69":0.5421452545,"70":0.541662775,"71":0.5414332082,"72":0.5415802912,"73":0.541766853,"74":0.5418668189,"75":0.5417350583,"76":0.5418842253,"77":0.5422466794,"78":0.5421602393,"79":0.5422898115,"80":0.5425236381,"81":0.5424369516,"82":0.5423748037,"83":0.542487861,"84":0.5425523275,"85":0.5427122146,"86":0.5427288494,"87":0.5427362469,"88":0.5428044873,"89":0.5429022489,"90":0.5428863035,"91":0.5429444848,"92":0.5427172946,"93":0.5426536573,"94":0.5426184202,"95":0.54258311,"96":0.542592811,"97":0.5424539746,"98":0.5423346321,"99":0.5423308252},"Strategic Agent":{"0":0.7523557016,"1":0.8430130351,"2":0.9048093812,"3":0.9339309085,"4":0.9455237408,"5":0.9525899218,"6":0.9618738878,"7":0.9651601383,"8":0.9842421454,"9":0.9841555687,"10":0.9856547965,"11":0.9879368085,"12":0.9931938526,"13":0.9901618037,"14":0.9939209909,"15":0.993915343,"16":0.9954196959,"17":0.9977021511,"18":0.9984673889,"19":1.0,"20":1.0,"21":0.9992364836,"22":1.0,"23":0.9992341153,"24":0.9992339348,"25":0.9992331155,"26":0.9984651647,"27":0.9992320736,"28":0.9992326388,"29":0.9992321448,"30":0.9992314919,"31":1.0,"32":0.999232765,"33":0.9992316911,"34":0.9992326783,"35":0.9992331757,"36":0.9992330083,"37":0.9992332041,"38":0.9992341767,"39":0.9992344871,"40":0.9992346928,"41":1.0,"42":1.0,"43":1.0,"44":1.0,"45":1.0,"46":1.0,"47":1.0,"48":1.0,"49":1.0,"50":1.0,"51":1.0,"52":1.0,"53":1.0,"54":1.0,"55":1.0,"56":1.0,"57":1.0,"58":1.0,"59":1.0,"60":1.0,"61":1.0,"62":1.0,"63":1.0,"64":1.0,"65":1.0,"66":1.0,"67":1.0,"68":1.0,"69":1.0,"70":1.0,"71":1.0,"72":1.0,"73":1.0,"74":1.0,"75":1.0,"76":1.0,"77":1.0,"78":1.0,"79":1.0,"80":1.0,"81":1.0,"82":1.0,"83":1.0,"84":1.0,"85":1.0,"86":1.0,"87":1.0,"88":1.0,"89":1.0,"90":1.0,"91":1.0,"92":1.0,"93":1.0,"94":1.0,"95":1.0,"96":1.0,"97":1.0,"98":1.0,"99":1.0}}