{"Cycle":{"0":0,"1":1,"2":2,"3":3,"4":4,"5":5,"6":6,"7":7,"8":8,"9":9,"10":10,"11":11,"12":12,"13":13,"14":14,"15":15,"16":16,"17":17,"18":18,"19":19,"20":20,"21":21,"22":22,"23":23,"24":24,"25":25,"26":26,"27":27,"28":28,"29":29,"30":30,"31":31,"32":32,"33":33,"34":34,"35":35,"36":36,"37":37,"38":38,"39":39,"40":40,"41":41,"42":42,"43":43,"44":44,"45":45,"46":46,"47":47,"48":48,"49":49,"50":50,"51":51,"52":52,"53":53,"54":54,"55":55,"56":56,"57":57,"58":58,"59":59,"60":60,"61":61,"62":62,"63":63,"64":64,"65":65,"66":66,"67":67,"68":68,"69":69,"70":70,"71":71,"72":72,"73":73,"74":74,"75":75,"76":76,"77":77,"78":78,"79":79,"80":80,"81":81,"82":82,"83":83,"84":84,"85":85,"86":86,"87":87,"88":88,"89":89,"90":90,"91":91,"92":92,"93":93,"94":94,"95":95,"96":96,"97":97,"98":98,"99":99},"Honest Agent":{"0":0.7396085826,"1":0.7972485431,"2":0.8153233092,"3":0.8511609023,"4":0.8531142194,"5":0.8678680114,"6":0.870419831,"7":0.8873791188,"8":0.8923952426,"9":0.8960887899,"10":0.9086919163,"11":0.9086500961,"12":0.9088590327,"13":0.9079338203,"14":0.9208772742,"15":0.9276930817,"16":0.922963262,"17":0.9233506411,"18":0.9232997917,"19":0.928620965,"20":0.9323248192,"21":0.9277996773,"22":0.9285756874,"23":0.9339889409,"24":0.9379990875,"25":0.9382842436,"26":0.9349178412,"27":0.9342266999,"28":0.9402852033,"29":0.940456392,"30":0.9370185756,"31":0.9381175163,"32":0.9393495307,"33":0.944177111,"34":0.9426813335,"35":0.9432100038,"36":0.9457301606,"37":0.945943885,"38":0.9477815746,"39":0.9473932398,"40":0.9468633445,"41":0.95012372,"42":0.9503883003,"43":0.9505543351,"44":0.9531910561,"45":0.9506511881,"46":0.9513667075,"47":0.9505286982,"48":0.9522090874,"49":0.9515958463,"50":0.9493066775,"51":0.9504119867,"52":0.9501902018,"53":0.947905842,"54":0.9504298398,"55":0.9510217628,"56":0.9518099823,"57":0.9521158426,"58":0.9537850449,"59":0.9538216666,"60":0.9559468256,"61":0.9547980132,"62":0.9568137993,"63":0.9548820108,"64":0.9537299151,"65":0.9548880122,"66":0.9558392862,"67":0.9556604397,"68":0.9564533263,"69":0.9546695977,"70":0.9558245533,"71":0.9574764884,"72":0.9581892989,"73":0.9578367033,"74":0.9565011294,"75":0.9590715086,"76":0.960357128,"77":0.9605371063,"78":0.9600348484,"79":0.9607903817,"80":0.9605196923,"81":0.95941517,"82":0.9605728543,"83":0.9589398011,"84":0.960712951,"85":0.9604125646,"86":0.9603076883,"87":0.9611630052,"88":0.9615505232,"89":0.961615845,"90":0.9601427036,"91":0.9617835968,"92":0.9611994128,"93":0.9611371494,"94":0.9616577555,"95":0.961369392,"96":0.9618335869,"97":0.9627419862,"98":0.9622005194,"99":0.9614435171},"Strategic Agent":{"0":0.7627292179,"1":0.8031769483,"2":0.8307130334,"3":0.85994197,"4":0.8600504924,"5":0.8820386884,"6":0.8814367685,"7":0.8963953466,"8":0.902289933,"9":0.9095913765,"10":0.9214554119,"11":0.9173692499,"12":0.9245016668,"13":0.9201078606,"14":0.9319374401,"15":0.9320861129,"16":0.9318299717,"17":0.9343961819,"18":0.9368479766,"19":0.9403559798,"20":0.9427685199,"21":0.9439121787,"22":0.9429805908,"23":0.947973506,"24":0.9509629147,"25":0.9519074254,"26":0.9488704479,"27":0.9474874459,"28":0.9531751814,"29":0.9544105709,"30":0.9510144477,"31":0.9525146656,"32":0.9517779056,"33":0.9551798833,"34":0.9551003779,"35":0.9574659288,"36":0.9604330533,"37":0.9602821736,"38":0.9595383546,"39":0.9587040728,"40":0.9589195605,"41":0.9610111675,"42":0.9616048585,"43":0.962306638,"44":0.964234262,"45":0.9624809033,"46":0.9638207266,"47":0.9633241802,"48":0.9639185418,"49":0.9631011936,"50":0.9616265686,"51":0.9629422911,"52":0.9631038532,"53":0.9634426961,"54":0.9654101865,"55":0.9662043811,"56":0.9666134518,"57":0.9658326585,"58":0.9679526818,"59":0.9679879282,"60":0.9698969975,"61":0.9684130695,"62":0.9701250272,"63":0.9682369356,"64":0.9678381064,"65":0.9687366198,"66":0.9691407061,"67":0.9688045782,"68":0.9697982747,"69":0.9686084036,"70":0.9692641733,"71":0.9708343542,"72":0.97096961,"73":0.9703996448,"74":0.9711144754,"75":0.972035028,"76":0.9725592603,"77":0.9730139296,"78":0.9725729352,"79":0.9727526382,"80":0.9727950821,"81":0.9726148246,"82":0.973933367,"83":0.9720834097,"84":0.9737008506,"85":0.9733955407,"86":0.9743818546,"87":0.9752664126,"88":0.9750993865,"89":0.9759708948,"90":0.9749853947,"91":0.9764901802,"92":0.9763057747,"93":0.9753300895,"94":0.9765856694,"95":0.9752641957,"96":0.9770799583,"97":0.9768708686,"98":0.9759047136,"99":0.9751923405}}