{"Cycle":{"0":0,"1":1,"2":2,"3":3,"4":4,"5":5,"6":6,"7":7,"8":8,"9":9,"10":10,"11":11,"12":12,"13":13,"14":14,"15":15,"16":16,"17":17,"18":18,"19":19,"20":20,"21":21,"22":22,"23":23,"24":24,"25":25,"26":26,"27":27,"28":28,"29":29,"30":30,"31":31,"32":32,"33":33,"34":34,"35":35,"36":36,"37":37,"38":38,"39":39,"40":40,"41":41,"42":42,"43":43,"44":44,"45":45,"46":46,"47":47,"48":48,"49":49,"50":50,"51":51,"52":52,"53":53,"54":54,"55":55,"56":56,"57":57,"58":58,"59":59,"60":60,"61":61,"62":62,"63":63,"64":64,"65":65,"66":66,"67":67,"68":68,"69":69,"70":70,"71":71,"72":72,"73":73,"74":74,"75":75,"76":76,"77":77,"78":78,"79":79,"80":80,"81":81,"82":82,"83":83,"84":84,"85":85,"86":86,"87":87,"88":88,"89":89,"90":90,"91":91,"92":92,"93":93,"94":94,"95":95,"96":96,"97":97,"98":98,"99":99},"Honest Agent":{"0":0.7543130896,"1":0.7799212678,"2":0.812895352,"3":0.8274256368,"4":0.8531602124,"5":0.8516962638,"6":0.8660629849,"7":0.8726242763,"8":0.8890593246,"9":0.8935270491,"10":0.8966497113,"11":0.8893680163,"12":0.8916195827,"13":0.8944316677,"14":0.9001866814,"15":0.9011982356,"16":0.9042340026,"17":0.8988862757,"18":0.9081922001,"19":0.9115081802,"20":0.9087999055,"21":0.9118555998,"22":0.9104615732,"23":0.9110985796,"24":0.9105136027,"25":0.9119298112,"26":0.9131956761,"27":0.9145482809,"28":0.9186998528,"29":0.9212725705,"30":0.9197289569,"31":0.9202271997,"32":0.9245448439,"33":0.9231154618,"34":0.925260426,"35":0.9248695338,"36":0.9285705408,"37":0.928185724,"38":0.9264728788,"39":0.9298135576,"40":0.9284375463,"41":0.9293444143,"42":0.9278472824,"43":0.9270602227,"44":0.9265357568,"45":0.926549666,"46":0.9272311963,"47":0.9289963147,"48":0.9289620261,"49":0.9290258897,"50":0.9286160435,"51":0.9281833726,"52":0.9263592155,"53":0.9284802931,"54":0.9296691813,"55":0.9289556735,"56":0.9292316195,"57":0.9295816208,"58":0.9313264824,"59":0.9329492741,"60":0.9322144116,"61":0.9330945517,"62":0.9324755418,"63":0.9338442191,"64":0.9344777582,"65":0.9341754555,"66":0.9349646715,"67":0.9353928747,"68":0.9358903499,"69":0.9359686671,"70":0.935663201,"71":0.9355058125,"72":0.9366690845,"73":0.9352617435,"74":0.9354234086,"75":0.9344161899,"76":0.9350489011,"77":0.9353797675,"78":0.9349665604,"79":0.934462279,"80":0.9353099669,"81":0.9359741425,"82":0.9366011168,"83":0.9361181054,"84":0.9369294459,"85":0.9369259305,"86":0.9373730559,"87":0.9381782307,"88":0.9391092732,"89":0.9384095649,"90":0.9385629246,"91":0.9399505877,"92":0.9401317217,"93":0.9389540697,"94":0.9398456743,"95":0.9398646948,"96":0.9395775976,"97":0.9394831824,"98":0.9396897533,"99":0.939883422},"Strategic Agent":{"0":0.7564873101,"1":0.7989832052,"2":0.8353769182,"3":0.8621351422,"4":0.8778292967,"5":0.883398874,"6":0.8995472387,"7":0.9047023538,"8":0.9176964502,"9":0.9178028819,"10":0.9235125839,"11":0.9218953777,"12":0.929365866,"13":0.928958297,"14":0.9347374456,"15":0.9369886707,"16":0.9350627826,"17":0.9350214688,"18":0.9408668511,"19":0.9429543804,"20":0.9412162656,"21":0.9402745702,"22":0.942761509,"23":0.9456877084,"24":0.943927594,"25":0.9443250558,"26":0.9476948305,"27":0.948099036,"28":0.9512737528,"29":0.9522581973,"30":0.9510033893,"31":0.9514370128,"32":0.9536746406,"33":0.9522000733,"34":0.9537860301,"35":0.9550690349,"36":0.9557817634,"37":0.9582700829,"38":0.956222339,"39":0.9596547321,"40":0.95892221,"41":0.9601100087,"42":0.9590358765,"43":0.9616717731,"44":0.9638454275,"45":0.9630467264,"46":0.9623726527,"47":0.9626002601,"48":0.9639260289,"49":0.964184361,"50":0.9640903877,"51":0.9643080014,"52":0.9636102556,"53":0.9667026515,"54":0.9662115494,"55":0.9653136523,"56":0.9666048619,"57":0.9655157055,"58":0.9674109206,"59":0.9685188665,"60":0.9676113239,"61":0.9679411394,"62":0.9667342743,"63":0.9680050167,"64":0.9666538591,"65":0.9668941261,"66":0.9690216335,"67":0.9694269854,"68":0.9690899902,"69":0.9703664516,"70":0.9705916111,"71":0.9700426407,"72":0.9717681461,"73":0.9713220881,"74":0.9718901896,"75":0.972420681,"76":0.972311309,"77":0.9726391212,"78":0.9728092946,"79":0.9727550331,"80":0.9743857384,"81":0.9741290866,"82":0.9741399292,"83":0.9753014768,"84":0.9737817174,"85":0.9743646326,"86":0.9739969998,"87":0.9744848023,"88":0.9745382526,"89":0.9746074522,"90":0.9743113983,"91":0.9743538968,"92":0.9755003325,"93":0.9754757679,"94":0.9750814203,"95":0.9760507651,"96":0.976686732,"97":0.9767844967,"98":0.9768637416,"99":0.9769380369}}