{"Cycle":{"0":0,"1":1,"2":2,"3":3,"4":4,"5":5,"6":6,"7":7,"8":8,"9":9,"10":10,"11":11,"12":12,"13":13,"14":14,"15":15,"16":16,"17":17,"18":18,"19":19,"20":20,"21":21,"22":22,"23":23,"24":24,"25":25,"26":26,"27":27,"28":28,"29":29,"30":30,"31":31,"32":32,"33":33,"34":34,"35":35,"36":36,"37":37,"38":38,"39":39,"40":40,"41":41,"42":42,"43":43,"44":44,"45":45,"46":46,"47":47,"48":48,"49":49,"50":50,"51":51,"52":52,"53":53,"54":54,"55":55,"56":56,"57":57,"58":58,"59":59,"60":60,"61":61,"62":62,"63":63,"64":64,"65":65,"66":66,"67":67,"68":68,"69":69,"70":70,"71":71,"72":72,"73":73,"74":74,"75":75,"76":76,"77":77,"78":78,"79":79,"80":80,"81":81,"82":82,"83":83,"84":84,"85":85,"86":86,"87":87,"88":88,"89":89,"90":90,"91":91,"92":92,"93":93,"94":94,"95":95,"96":96,"97":97,"98":98,"99":99},"Honest Agent":{"0":0.6435044217,"1":0.6699715427,"2":0.6906842573,"3":0.7085566009,"4":0.7174621457,"5":0.7135107304,"6":0.7185756494,"7":0.7277110952,"8":0.7289760379,"9":0.732871551,"10":0.7317677079,"11":0.7382406924,"12":0.7388286118,"13":0.7390344644,"14":0.7379091871,"15":0.7333722733,"16":0.7285273749,"17":0.7288404048,"18":0.7284765944,"19":0.7269704615,"20":0.7236506016,"21":0.7202198763,"22":0.7182909985,"23":0.7162919797,"24":0.7167228149,"25":0.7172111042,"26":0.7173253612,"27":0.7184158199,"28":0.7187007002,"29":0.719983421,"30":0.7203622757,"31":0.7198040747,"32":0.7190104398,"33":0.7180206047,"34":0.7169635068,"35":0.7179276012,"36":0.7176726134,"37":0.7170520434,"38":0.7161595479,"39":0.7161124738,"40":0.7168346188,"41":0.7170674107,"42":0.7169647552,"43":0.7156818825,"44":0.7141307214,"45":0.7136453961,"46":0.7133988253,"47":0.7135173233,"48":0.71344098,"49":0.7139715296,"50":0.7147070931,"51":0.7148413483,"52":0.7151383795,"53":0.7149664779,"54":0.7146521022,"55":0.7140974704,"56":0.7138462971,"57":0.713806591,"58":0.7143799031,"59":0.7144892775,"60":0.7146645772,"61":0.7146421085,"62":0.7144464704,"63":0.7147547489,"64":0.7146748406,"65":0.7143284865,"66":0.7135700454,"67":0.7134785661,"68":0.7134247414,"69":0.7132066317,"70":0.7129951309,"71":0.7126695235,"72":0.7126577266,"73":0.7129069877,"74":0.7128455242,"75":0.7126011686,"76":0.7124470006,"77":0.7118066364,"78":0.7111704611,"79":0.7116747645,"80":0.711851198,"81":0.7119551131,"82":0.7121682415,"83":0.7124993512,"84":0.7126881581,"85":0.7126747893,"86":0.7127641864,"87":0.7129446379,"88":0.7128974324,"89":0.7130874786,"90":0.713066901,"91":0.7129162487,"92":0.71270026,"93":0.7127155177,"94":0.7126293204,"95":0.7126770311,"96":0.7134216287,"97":0.7138346379,"98":0.7138620914,"99":0.7135664565},"Strategic Agent":{"0":0.7425309712,"1":0.8098601481,"2":0.8503020021,"3":0.8782923633,"4":0.8926671838,"5":0.8961444734,"6":0.904954309,"7":0.9120882245,"8":0.9159615621,"9":0.9271889471,"10":0.9255293379,"11":0.9346165382,"12":0.9410690201,"13":0.9468772447,"14":0.9602283336,"15":0.9642687186,"16":0.970218193,"17":0.966219175,"18":0.9740103541,"19":0.9770756055,"20":0.9837167863,"21":0.9840259879,"22":0.9867542367,"23":0.9866937612,"24":0.9867139679,"25":0.9881579189,"26":0.9886646761,"27":0.9896493702,"28":0.9896598419,"29":0.9873676731,"30":0.9897209191,"31":0.9897004004,"32":0.9920186758,"33":0.9938751343,"34":0.9943250828,"35":0.994815712,"36":0.9962262003,"37":0.997163429,"38":0.9976287347,"39":0.9966796781,"40":0.9971612493,"41":0.9966908469,"42":0.9981083693,"43":0.9980997954,"44":0.9980894284,"45":0.9980861848,"46":0.9980845368,"47":0.9985639966,"48":0.9985636139,"49":0.9971325467,"50":0.9971399207,"51":0.9971412667,"52":0.9976202037,"53":0.9976187676,"54":0.998092913,"55":0.9980892062,"56":0.9980875275,"57":0.9985654466,"58":0.9985683203,"59":0.9985688686,"60":0.9980929963,"61":0.9980928462,"62":0.9980915386,"63":0.998093599,"64":0.9980930649,"65":0.9985680626,"66":0.9985678502,"67":0.9985673928,"68":0.9985671237,"69":0.9985660332,"70":0.9990433171,"71":0.9985633476,"72":0.9985632886,"73":0.9985645349,"74":0.9985642276,"75":0.9990420039,"76":0.999520745,"77":0.9995196777,"78":0.9995186174,"79":0.9995194579,"80":0.999519752,"81":0.9995199252,"82":0.9995202804,"83":0.9995208323,"84":0.9995211469,"85":0.9995211246,"86":0.9995212736,"87":0.9995215744,"88":0.9995214957,"89":0.9995218125,"90":0.9995217782,"91":0.9995215271,"92":0.9995211671,"93":0.9995211925,"94":0.9995210489,"95":0.9995211284,"96":0.9995223694,"97":0.9990461155,"98":0.9995231035,"99":0.9995226108}}