{"Cycle":{"0":0,"1":1,"2":2,"3":3,"4":4,"5":5,"6":6,"7":7,"8":8,"9":9,"10":10,"11":11,"12":12,"13":13,"14":14,"15":15,"16":16,"17":17,"18":18,"19":19,"20":20,"21":21,"22":22,"23":23,"24":24,"25":25,"26":26,"27":27,"28":28,"29":29,"30":30,"31":31,"32":32,"33":33,"34":34,"35":35,"36":36,"37":37,"38":38,"39":39,"40":40,"41":41,"42":42,"43":43,"44":44,"45":45,"46":46,"47":47,"48":48,"49":49,"50":50,"51":51,"52":52,"53":53,"54":54,"55":55,"56":56,"57":57,"58":58,"59":59,"60":60,"61":61,"62":62,"63":63,"64":64,"65":65,"66":66,"67":67,"68":68,"69":69,"70":70,"71":71,"72":72,"73":73,"74":74,"75":75,"76":76,"77":77,"78":78,"79":79,"80":80,"81":81,"82":82,"83":83,"84":84,"85":85,"86":86,"87":87,"88":88,"89":89,"90":90,"91":91,"92":92,"93":93,"94":94,"95":95,"96":96,"97":97,"98":98,"99":99},"Honest Agent":{"0":0.50317943,"1":0.5388731669,"2":0.5675715147,"3":0.5575065481,"4":0.5314999433,"5":0.5284734917,"6":0.5113285946,"7":0.4930232875,"8":0.4851919256,"9":0.4784128784,"10":0.473503464,"11":0.4662783364,"12":0.4651989841,"13":0.4636082419,"14":0.4628363208,"15":0.4577899276,"16":0.4564419886,"17":0.456776233,"18":0.4551975577,"19":0.4538852446,"20":0.4548193105,"21":0.4546335954,"22":0.4543468476,"23":0.4547523602,"24":0.4548142839,"25":0.4551506096,"26":0.4550476842,"27":0.4551513698,"28":0.4551968463,"29":0.4548492792,"30":0.4555065344,"31":0.4561450261,"32":0.4560334286,"33":0.4558094057,"34":0.4561134165,"35":0.4563731043,"36":0.4559495925,"37":0.4561908237,"38":0.4560034479,"39":0.4558485391,"40":0.4557633304,"41":0.4554049413,"42":0.4554393346,"43":0.4550592063,"44":0.4546331857,"45":0.4545445678,"46":0.4547158445,"47":0.4544770567,"48":0.4545914022,"49":0.4543443156,"50":0.4539964278,"51":0.4538223434,"52":0.4536831758,"53":0.4538736676,"54":0.4538551985,"55":0.4539286685,"56":0.454348024,"57":0.4546649717,"58":0.4549170322,"59":0.455016827,"60":0.4549595439,"61":0.4549998834,"62":0.4547596493,"63":0.4544705176,"64":0.4547459522,"65":0.454920602,"66":0.454829971,"67":0.454769874,"68":0.4544469486,"69":0.4544838585,"70":0.454380025,"71":0.4542667133,"72":0.4542683201,"73":0.4545977135,"74":0.4546680444,"75":0.4547877891,"76":0.4545987995,"77":0.4546386114,"78":0.4547371753,"79":0.4547346843,"80":0.4552406875,"81":0.4553878426,"82":0.4553177649,"83":0.4555283693,"84":0.4557766238,"85":0.4557421825,"86":0.4559510023,"87":0.4558366811,"88":0.4558317243,"89":0.4559460522,"90":0.4558427254,"91":0.4558906217,"92":0.4558091466,"93":0.4556181953,"94":0.4556131551,"95":0.4556916814,"96":0.4556608203,"97":0.4556038547,"98":0.4557346607,"99":0.4558210761},"Strategic Agent":{"0":0.7392985811,"1":0.8103615899,"2":0.8783794885,"3":0.9131606601,"4":0.950221869,"5":0.9587414305,"6":0.9731230727,"7":0.9822558151,"8":0.9877733082,"9":0.9908722254,"10":0.9934187933,"11":0.9973313917,"12":0.9973259949,"13":0.9979885309,"14":0.9973141816,"15":1.0,"16":1.0,"17":0.9993209703,"18":0.9993189969,"19":1.0,"20":0.9993185241,"21":1.0,"22":1.0,"23":1.0,"24":1.0,"25":1.0,"26":1.0,"27":1.0,"28":1.0,"29":1.0,"30":1.0,"31":1.0,"32":1.0,"33":1.0,"34":1.0,"35":1.0,"36":1.0,"37":1.0,"38":1.0,"39":1.0,"40":1.0,"41":1.0,"42":1.0,"43":1.0,"44":1.0,"45":1.0,"46":1.0,"47":1.0,"48":1.0,"49":1.0,"50":1.0,"51":1.0,"52":1.0,"53":1.0,"54":1.0,"55":1.0,"56":1.0,"57":1.0,"58":1.0,"59":1.0,"60":1.0,"61":1.0,"62":1.0,"63":1.0,"64":1.0,"65":1.0,"66":1.0,"67":1.0,"68":1.0,"69":1.0,"70":1.0,"71":1.0,"72":1.0,"73":1.0,"74":1.0,"75":1.0,"76":1.0,"77":1.0,"78":1.0,"79":1.0,"80":1.0,"81":1.0,"82":1.0,"83":1.0,"84":1.0,"85":1.0,"86":1.0,"87":1.0,"88":1.0,"89":1.0,"90":1.0,"91":1.0,"92":1.0,"93":1.0,"94":1.0,"95":1.0,"96":1.0,"97":1.0,"98":1.0,"99":1.0}}