{"Cycle":{"0":0,"1":1,"2":2,"3":3,"4":4,"5":5,"6":6,"7":7,"8":8,"9":9,"10":10,"11":11,"12":12,"13":13,"14":14,"15":15,"16":16,"17":17,"18":18,"19":19,"20":20,"21":21,"22":22,"23":23,"24":24,"25":25,"26":26,"27":27,"28":28,"29":29,"30":30,"31":31,"32":32,"33":33,"34":34,"35":35,"36":36,"37":37,"38":38,"39":39,"40":40,"41":41,"42":42,"43":43,"44":44,"45":45,"46":46,"47":47,"48":48,"49":49,"50":50,"51":51,"52":52,"53":53,"54":54,"55":55,"56":56,"57":57,"58":58,"59":59,"60":60,"61":61,"62":62,"63":63,"64":64,"65":65,"66":66,"67":67,"68":68,"69":69,"70":70,"71":71,"72":72,"73":73,"74":74,"75":75,"76":76,"77":77,"78":78,"79":79,"80":80,"81":81,"82":82,"83":83,"84":84,"85":85,"86":86,"87":87,"88":88,"89":89,"90":90,"91":91,"92":92,"93":93,"94":94,"95":95,"96":96,"97":97,"98":98,"99":99},"Honest Agent":{"0":0.6002274105,"1":0.6000764178,"2":0.624113772,"3":0.6329038116,"4":0.6341911881,"5":0.6362180791,"6":0.6407193045,"7":0.6364279387,"8":0.6285304801,"9":0.6248259867,"10":0.6196785181,"11":0.6185612922,"12":0.6168446838,"13":0.6157385458,"14":0.6149141882,"15":0.6135524373,"16":0.6144141581,"17":0.6145427935,"18":0.6145841058,"19":0.6134907427,"20":0.6106917049,"21":0.6099741104,"22":0.6091741865,"23":0.6086857069,"24":0.6077284239,"25":0.6081473842,"26":0.6074698299,"27":0.60659144,"28":0.605775678,"29":0.6046176007,"30":0.6038287917,"31":0.6036406142,"32":0.6035053712,"33":0.6038248894,"34":0.6041609911,"35":0.6045902775,"36":0.6040895234,"37":0.60351778,"38":0.6039050671,"39":0.6047295421,"40":0.6047204911,"41":0.604629089,"42":0.6051520803,"43":0.6051552725,"44":0.6053436715,"45":0.6056754113,"46":0.6053750125,"47":0.6051791705,"48":0.6051554736,"49":0.6049762932,"50":0.6046758666,"51":0.6052677639,"52":0.6052043322,"53":0.6046188277,"54":0.6041488235,"55":0.6041093885,"56":0.6041956915,"57":0.6042336623,"58":0.6043988831,"59":0.6047830653,"60":0.6045522503,"61":0.6043276081,"62":0.6041432995,"63":0.604071893,"64":0.6043023994,"65":0.6040345972,"66":0.6039530714,"67":0.6041930351,"68":0.6046286896,"69":0.6049795135,"70":0.6052358314,"71":0.6053749388,"72":0.6053952458,"73":0.6052619505,"74":0.6053893826,"75":0.6053195296,"76":0.6052553349,"77":0.6050409559,"78":0.6049280641,"79":0.6048979166,"80":0.6051387553,"81":0.6051090844,"82":0.605097727,"83":0.6049740136,"84":0.6051539098,"85":0.6056673695,"86":0.6060374805,"87":0.6062825073,"88":0.6062597181,"89":0.6064301434,"90":0.6065639057,"91":0.6064198735,"92":0.6063904729,"93":0.6066969378,"94":0.6068845991,"95":0.6067637226,"96":0.6070525172,"97":0.6071645619,"98":0.6072357623,"99":0.6072299462},"Strategic Agent":{"0":0.7582386611,"1":0.8115428599,"2":0.8525547426,"3":0.8804656799,"4":0.8913378044,"5":0.902258426,"6":0.9183452965,"7":0.9447738641,"8":0.9491052621,"9":0.9624825987,"10":0.972109758,"11":0.9745707528,"12":0.9808422342,"13":0.9820677988,"14":0.9826711385,"15":0.985830256,"16":0.9858618525,"17":0.9903635698,"18":0.9903646026,"19":0.9909814507,"20":0.9948092227,"21":0.9934995685,"22":0.9967431182,"23":0.9954346666,"24":0.9941159264,"25":0.9947752985,"26":0.9973831322,"27":0.9986886381,"28":0.9986859189,"29":0.9993410293,"30":1.0,"31":1.0,"32":0.9993391756,"33":0.9993397081,"34":0.9993402683,"35":0.9986819676,"36":1.0,"37":1.0,"38":1.0,"39":1.0,"40":1.0,"41":1.0,"42":1.0,"43":0.9993419255,"44":1.0,"45":1.0,"46":1.0,"47":1.0,"48":1.0,"49":1.0,"50":1.0,"51":1.0,"52":1.0,"53":1.0,"54":1.0,"55":1.0,"56":0.9993403262,"57":1.0,"58":1.0,"59":0.9993413051,"60":1.0,"61":1.0,"62":1.0,"63":1.0,"64":1.0,"65":1.0,"66":1.0,"67":1.0,"68":1.0,"69":1.0,"70":1.0,"71":1.0,"72":1.0,"73":1.0,"74":1.0,"75":1.0,"76":1.0,"77":1.0,"78":1.0,"79":1.0,"80":1.0,"81":1.0,"82":1.0,"83":1.0,"84":1.0,"85":1.0,"86":1.0,"87":1.0,"88":1.0,"89":1.0,"90":1.0,"91":1.0,"92":1.0,"93":1.0,"94":1.0,"95":1.0,"96":1.0,"97":1.0,"98":1.0,"99":1.0}}