{"Cycle":{"0":0,"1":1,"2":2,"3":3,"4":4,"5":5,"6":6,"7":7,"8":8,"9":9,"10":10,"11":11,"12":12,"13":13,"14":14,"15":15,"16":16,"17":17,"18":18,"19":19,"20":20,"21":21,"22":22,"23":23,"24":24,"25":25,"26":26,"27":27,"28":28,"29":29,"30":30,"31":31,"32":32,"33":33,"34":34,"35":35,"36":36,"37":37,"38":38,"39":39,"40":40,"41":41,"42":42,"43":43,"44":44,"45":45,"46":46,"47":47,"48":48,"49":49,"50":50,"51":51,"52":52,"53":53,"54":54,"55":55,"56":56,"57":57,"58":58,"59":59,"60":60,"61":61,"62":62,"63":63,"64":64,"65":65,"66":66,"67":67,"68":68,"69":69,"70":70,"71":71,"72":72,"73":73,"74":74,"75":75,"76":76,"77":77,"78":78,"79":79,"80":80,"81":81,"82":82,"83":83,"84":84,"85":85,"86":86,"87":87,"88":88,"89":89,"90":90,"91":91,"92":92,"93":93,"94":94,"95":95,"96":96,"97":97,"98":98,"99":99},"Honest Agent":{"0":0.5246742522,"1":0.5439654749,"2":0.5430599488,"3":0.531703774,"4":0.5147136512,"5":0.5010082232,"6":0.47570182,"7":0.4564216979,"8":0.4508199157,"9":0.4486372312,"10":0.4518065632,"11":0.4467402168,"12":0.4449801979,"13":0.4401244163,"14":0.4392070637,"15":0.4397100845,"16":0.4404324692,"17":0.4389776906,"18":0.4381649752,"19":0.4379099268,"20":0.4383564072,"21":0.4377411171,"22":0.4373381416,"23":0.4368802098,"24":0.4377102575,"25":0.4382057277,"26":0.4380546888,"27":0.4377664037,"28":0.437425644,"29":0.4372224809,"30":0.4374056235,"31":0.4369136579,"32":0.4370765601,"33":0.4366070971,"34":0.4364811459,"35":0.4368055838,"36":0.4370565418,"37":0.4367152403,"38":0.4373520336,"39":0.437829245,"40":0.4378717219,"41":0.4379161389,"42":0.4375693168,"43":0.4382249901,"44":0.4376564625,"45":0.4374544027,"46":0.4372355907,"47":0.4374236029,"48":0.4374527916,"49":0.4372762971,"50":0.4370052255,"51":0.436962577,"52":0.4371133856,"53":0.4368012039,"54":0.4372332409,"55":0.4375959462,"56":0.4375815657,"57":0.4375710826,"58":0.4375609973,"59":0.4374800706,"60":0.4379087725,"61":0.4380445355,"62":0.4382924721,"63":0.4381010416,"64":0.4380391088,"65":0.4382878302,"66":0.4385623797,"67":0.4386242852,"68":0.4387325192,"69":0.4388456798,"70":0.4388565512,"71":0.4390470149,"72":0.4392918958,"73":0.4391230178,"74":0.4390724561,"75":0.4391958777,"76":0.4389316481,"77":0.4384761443,"78":0.4385643522,"79":0.4385475689,"80":0.4382521851,"81":0.4381660795,"82":0.4384527822,"83":0.4386289762,"84":0.4384816292,"85":0.4386662883,"86":0.4386991952,"87":0.4386425367,"88":0.4387190033,"89":0.4387204317,"90":0.4388556417,"91":0.438682812,"92":0.4387590226,"93":0.4388019106,"94":0.438972071,"95":0.4390562233,"96":0.4391585507,"97":0.4391790363,"98":0.4392149135,"99":0.4392576644},"Strategic Agent":{"0":0.7661095527,"1":0.8292735069,"2":0.8943756666,"3":0.9256579741,"4":0.9478317175,"5":0.9644468359,"6":0.980994191,"7":0.989128434,"8":0.9917622987,"9":0.9931079654,"10":0.9917770984,"11":0.9958505516,"12":0.997224901,"13":0.9993001555,"14":0.9992990088,"15":0.9992996376,"16":1.0,"17":1.0,"18":1.0,"19":1.0,"20":1.0,"21":1.0,"22":1.0,"23":1.0,"24":1.0,"25":1.0,"26":1.0,"27":1.0,"28":1.0,"29":1.0,"30":1.0,"31":1.0,"32":1.0,"33":1.0,"34":1.0,"35":1.0,"36":1.0,"37":1.0,"38":1.0,"39":1.0,"40":1.0,"41":1.0,"42":1.0,"43":1.0,"44":1.0,"45":1.0,"46":1.0,"47":1.0,"48":1.0,"49":1.0,"50":1.0,"51":1.0,"52":1.0,"53":1.0,"54":1.0,"55":1.0,"56":1.0,"57":1.0,"58":1.0,"59":1.0,"60":1.0,"61":1.0,"62":1.0,"63":1.0,"64":1.0,"65":1.0,"66":1.0,"67":1.0,"68":1.0,"69":1.0,"70":1.0,"71":1.0,"72":1.0,"73":1.0,"74":1.0,"75":1.0,"76":1.0,"77":1.0,"78":1.0,"79":1.0,"80":1.0,"81":1.0,"82":1.0,"83":1.0,"84":1.0,"85":1.0,"86":1.0,"87":1.0,"88":1.0,"89":1.0,"90":1.0,"91":1.0,"92":1.0,"93":1.0,"94":1.0,"95":1.0,"96":1.0,"97":1.0,"98":1.0,"99":1.0}}