{"Cycle":{"0":0,"1":1,"2":2,"3":3,"4":4,"5":5,"6":6,"7":7,"8":8,"9":9,"10":10,"11":11,"12":12,"13":13,"14":14,"15":15,"16":16,"17":17,"18":18,"19":19,"20":20,"21":21,"22":22,"23":23,"24":24,"25":25,"26":26,"27":27,"28":28,"29":29,"30":30,"31":31,"32":32,"33":33,"34":34,"35":35,"36":36,"37":37,"38":38,"39":39,"40":40,"41":41,"42":42,"43":43,"44":44,"45":45,"46":46,"47":47,"48":48,"49":49,"50":50,"51":51,"52":52,"53":53,"54":54,"55":55,"56":56,"57":57,"58":58,"59":59,"60":60,"61":61,"62":62,"63":63,"64":64,"65":65,"66":66,"67":67,"68":68,"69":69,"70":70,"71":71,"72":72,"73":73,"74":74,"75":75,"76":76,"77":77,"78":78,"79":79,"80":80,"81":81,"82":82,"83":83,"84":84,"85":85,"86":86,"87":87,"88":88,"89":89,"90":90,"91":91,"92":92,"93":93,"94":94,"95":95,"96":96,"97":97,"98":98,"99":99},"Honest Agent":{"0":0.8107544597,"1":0.8380221281,"2":0.8872648462,"3":0.9173427442,"4":0.9474780523,"5":0.9548124487,"6":0.957883358,"7":0.9762447024,"8":0.9803935967,"9":0.9880605141,"10":0.9902137699,"11":0.9923906915,"12":0.9913300672,"13":0.9924107752,"14":0.9924079324,"15":0.9934980496,"16":0.9935071776,"17":0.9946012372,"18":0.9946011466,"19":0.9967600049,"20":0.9978366663,"21":0.997835546,"22":0.9978394044,"23":0.9978404182,"24":0.9978364696,"25":0.9967455193,"26":0.997825647,"27":0.9967345145,"28":0.997823698,"29":0.9978290737,"30":0.9989149134,"31":1.0,"32":1.0,"33":1.0,"34":1.0,"35":1.0,"36":1.0,"37":1.0,"38":1.0,"39":1.0,"40":1.0,"41":1.0,"42":1.0,"43":1.0,"44":1.0,"45":1.0,"46":1.0,"47":1.0,"48":1.0,"49":1.0,"50":1.0,"51":1.0,"52":1.0,"53":1.0,"54":1.0,"55":1.0,"56":1.0,"57":1.0,"58":1.0,"59":1.0,"60":1.0,"61":1.0,"62":1.0,"63":1.0,"64":1.0,"65":1.0,"66":1.0,"67":1.0,"68":1.0,"69":1.0,"70":1.0,"71":1.0,"72":1.0,"73":1.0,"74":1.0,"75":1.0,"76":1.0,"77":1.0,"78":1.0,"79":1.0,"80":1.0,"81":1.0,"82":1.0,"83":1.0,"84":1.0,"85":1.0,"86":1.0,"87":1.0,"88":1.0,"89":1.0,"90":1.0,"91":1.0,"92":1.0,"93":1.0,"94":1.0,"95":1.0,"96":1.0,"97":1.0,"98":1.0,"99":1.0},"Strategic Agent":{"0":0.6059544913,"1":0.584491546,"2":0.5859009385,"3":0.5823633391,"4":0.5869702614,"5":0.5768149962,"6":0.5701942693,"7":0.5709649278,"8":0.5664806381,"9":0.5665604813,"10":0.5657813474,"11":0.5659070659,"12":0.5672258549,"13":0.5670527942,"14":0.5668906182,"15":0.5672590805,"16":0.5678665986,"17":0.5680989751,"18":0.5680917306,"19":0.568000651,"20":0.5673332531,"21":0.5671091915,"22":0.5678808706,"23":0.5680836465,"24":0.5672939228,"25":0.5660692448,"26":0.5651293974,"27":0.564601927,"28":0.5647395983,"29":0.5658147351,"30":0.5659653567,"31":0.565760688,"32":0.5655467664,"33":0.5658043187,"34":0.565687463,"35":0.5661634688,"36":0.5662715726,"37":0.5663857462,"38":0.5663115315,"39":0.5664804272,"40":0.5668474497,"41":0.5671962055,"42":0.5681063359,"43":0.5682917656,"44":0.5682783624,"45":0.5681515269,"46":0.5675651338,"47":0.5675164891,"48":0.5672114688,"49":0.5671967972,"50":0.5672358288,"51":0.5673225377,"52":0.5674946652,"53":0.5678122257,"54":0.5675040942,"55":0.5671769774,"56":0.5668126738,"57":0.566880935,"58":0.566823073,"59":0.5667678132,"60":0.5664103556,"61":0.5664916623,"62":0.5665652723,"63":0.5668320234,"64":0.5667730108,"65":0.5665055986,"66":0.5664140683,"67":0.5661785573,"68":0.5658357807,"69":0.5655199704,"70":0.5648431723,"71":0.5644870521,"72":0.5641034898,"73":0.5639741565,"74":0.5638103327,"75":0.5637362408,"76":0.5634962621,"77":0.5632936037,"78":0.5630574985,"79":0.5632014963,"80":0.5633448198,"81":0.56334182,"82":0.5636631578,"83":0.5639010582,"84":0.5641877938,"85":0.5643371415,"86":0.5643550749,"87":0.5643065085,"88":0.5643026417,"89":0.5641623852,"90":0.5640363489,"91":0.5640985421,"92":0.5639336484,"93":0.5641219482,"94":0.5640744642,"95":0.5640504799,"96":0.5638279569,"97":0.5640284689,"98":0.5640691787,"99":0.5639874758}}