{"Cycle":{"0":0,"1":1,"2":2,"3":3,"4":4,"5":5,"6":6,"7":7,"8":8,"9":9,"10":10,"11":11,"12":12,"13":13,"14":14,"15":15,"16":16,"17":17,"18":18,"19":19,"20":20,"21":21,"22":22,"23":23,"24":24,"25":25,"26":26,"27":27,"28":28,"29":29,"30":30,"31":31,"32":32,"33":33,"34":34,"35":35,"36":36,"37":37,"38":38,"39":39,"40":40,"41":41,"42":42,"43":43,"44":44,"45":45,"46":46,"47":47,"48":48,"49":49,"50":50,"51":51,"52":52,"53":53,"54":54,"55":55,"56":56,"57":57,"58":58,"59":59,"60":60,"61":61,"62":62,"63":63,"64":64,"65":65,"66":66,"67":67,"68":68,"69":69,"70":70,"71":71,"72":72,"73":73,"74":74,"75":75,"76":76,"77":77,"78":78,"79":79,"80":80,"81":81,"82":82,"83":83,"84":84,"85":85,"86":86,"87":87,"88":88,"89":89,"90":90,"91":91,"92":92,"93":93,"94":94,"95":95,"96":96,"97":97,"98":98,"99":99},"Honest Agent":{"0":0.8049324961,"1":0.8611201894,"2":0.8985394241,"3":0.9313560728,"4":0.933399558,"5":0.939517763,"6":0.9468450442,"7":0.9620360878,"8":0.9660063544,"9":0.9670122652,"10":0.9703715623,"11":0.9763177175,"12":0.9738901073,"13":0.9795591538,"14":0.9798626309,"15":0.9782401059,"16":0.9811838207,"17":0.9812343155,"18":0.979332029,"19":0.9814959001,"20":0.9843130037,"21":0.9834776879,"22":0.9798033002,"23":0.9827581525,"24":0.9857294987,"25":0.9832492381,"26":0.9859780707,"27":0.98781097,"28":0.9879666718,"29":0.9878675721,"30":0.9869595018,"31":0.9895664565,"32":0.9905239124,"33":0.9887651564,"34":0.9904720267,"35":0.9878635261,"36":0.9905644384,"37":0.9914638916,"38":0.9905081448,"39":0.9903731862,"40":0.9929576064,"41":0.9946819663,"42":0.9946567388,"43":0.9964543494,"44":0.991958357,"45":0.9937415303,"46":0.992823093,"47":0.9928137407,"48":0.9918744641,"49":0.9955014329,"50":0.99457413,"51":0.9945768141,"52":0.9973001461,"53":0.9954756601,"54":0.9954821122,"55":0.9954587518,"56":0.9954519569,"57":0.9963331515,"58":0.9944988114,"59":0.9963667453,"60":0.996384764,"61":0.9954762281,"62":0.9954745053,"63":0.9935951055,"64":0.9954465718,"65":0.9963555445,"66":0.9944974993,"67":0.9954072256,"68":0.9963201298,"69":0.9963141043,"70":0.9963122445,"71":0.9972399678,"72":0.9962961772,"73":0.9963036689,"74":0.9962977044,"75":0.995356115,"76":0.9953640032,"77":0.9962917714,"78":0.9962839216,"79":0.9972203289,"80":0.9981515266,"81":0.9972157737,"82":0.9990764082,"83":0.9990770215,"84":0.9990795287,"85":0.999082105,"86":0.999078692,"87":0.9972252772,"88":0.9981538781,"89":0.9981566192,"90":0.9981591558,"91":0.9981593711,"92":1.0,"93":1.0,"94":1.0,"95":0.9990755087,"96":1.0,"97":1.0,"98":1.0,"99":1.0},"Strategic Agent":{"0":0.7079934621,"1":0.7535847805,"2":0.7796143228,"3":0.8104830707,"4":0.8175283809,"5":0.8294915658,"6":0.8318820003,"7":0.8392465594,"8":0.8416462678,"9":0.8435831577,"10":0.8494769548,"11":0.8563618085,"12":0.8491149467,"13":0.8576441068,"14":0.8576000328,"15":0.8557224414,"16":0.8480593519,"17":0.8494053819,"18":0.8426415846,"19":0.8450281637,"20":0.8431300375,"21":0.8451033242,"22":0.8432460687,"23":0.8457308377,"24":0.8472610409,"25":0.849683952,"26":0.8501406309,"27":0.8506843821,"28":0.8528066108,"29":0.8474780495,"30":0.84590478,"31":0.8452357718,"32":0.8483825987,"33":0.8474653928,"34":0.8451704336,"35":0.846777017,"36":0.8477443462,"37":0.8484840757,"38":0.8436001125,"39":0.8389696597,"40":0.8356041252,"41":0.8324819398,"42":0.8316872714,"43":0.833354423,"44":0.8302319808,"45":0.8301272518,"46":0.8279785094,"47":0.8282034879,"48":0.8264295243,"49":0.8270300959,"50":0.8254678484,"51":0.8253282218,"52":0.8267593758,"53":0.8255866966,"54":0.8258354272,"55":0.8240266311,"56":0.8233085247,"57":0.8207827793,"58":0.8218990189,"59":0.8240142269,"60":0.8253389129,"61":0.8240252728,"62":0.8237319801,"63":0.8202054615,"64":0.8217332874,"65":0.8216494566,"66":0.8202516428,"67":0.8197336055,"68":0.8192263783,"69":0.8187000071,"70":0.8186085275,"71":0.8189878903,"72":0.8168922615,"73":0.8172626303,"74":0.8167363654,"75":0.8156377668,"76":0.816182727,"77":0.8159791537,"78":0.8153573525,"79":0.8160784267,"80":0.8165390115,"81":0.8155450103,"82":0.8164361253,"83":0.8165580306,"84":0.8170563213,"85":0.8177978492,"86":0.8168900261,"87":0.8161746166,"88":0.8165416328,"89":0.8168140288,"90":0.8172962156,"91":0.8173175794,"92":0.8185679139,"93":0.817381849,"94":0.8169406497,"95":0.8162573508,"96":0.8156416865,"97":0.8159787633,"98":0.8159419852,"99":0.8160591688}}